Configuration,ACYC,AFREQ,EXEC,FREQ,INST,INSTnom,INSTnom%,IPC,L2HIT,L2MISS,L2MPI,L3HIT,L3MISS,L3MPI,PhysIPC,PhysIPC%,READ,TIME(ticks),WRITE,SLOWDOWN
num-800000,4526.76470588,1.05,0.522970588235,0.262764705882,9009.41176471,1.04647058824,26.15,1.98970588235,0.961941176471,0.456676470588,5.05941176471e-05,0.960647058824,0.0189641176471,2.105e-06,3.98088235294,99.5235294118,0.0136126470588,2153.82352941,0.00481823529412,1.02145970864
num-800000,3088.28571429,1.06257142857,0.490142857143,0.183142857143,8263.42857143,0.980171428571,24.5028571429,2.66457142857,0.935542857143,1.03699142857,8.9578e-05,0.869571428571,0.0379057142857,3.74702857143e-06,5.32714285714,133.171428571,0.0612291428571,2104.28571429,0.0205764571429,1.00880788858
num-800000,4438.28571429,1.05,0.525857142857,0.2636,8850.0,1.05142857143,26.2857142857,1.99314285714,0.9532,0.547,6.17628571429e-05,0.951171428571,0.0276742857143,3.12514285714e-06,3.988,99.66,0.0239428571429,2102.85714286,0.0109742857143,1.01998629829
num-800000,4333.42857143,1.05114285714,0.646142857143,0.257285714286,10889.7142857,1.29162857143,32.3028571429,2.516,0.8168,6.69257428571,0.000597508571429,0.973742857143,0.0548857142857,4.96257142857e-06,5.03228571429,125.828571429,0.080644,2104.28571429,0.0315957142857,1.01866636763
num-800000,4413.42857143,1.05,0.523714285714,0.262285714286,8809.71428571,1.04771428571,26.1914285714,1.996,0.963457142857,0.417628571429,4.74171428571e-05,0.962571428571,0.0153342857143,1.74114285714e-06,3.99142857143,99.7628571429,0.0122148571429,2101.42857143,0.00503228571429,1.01958255177
num-800000,4440.85714286,1.05,0.5238,0.262657142857,8848.28571429,1.048,26.1885714286,1.99342857143,0.960457142857,0.476,5.368e-05,0.963742857143,0.0184202857143,2.06762857143e-06,3.98571428571,99.6285714286,0.012664,2110.28571429,0.00403114285714,1.02002169899
num-800000,4534.28571429,1.05,0.522485714286,0.263142857143,9006.85714286,1.04457142857,26.1285714286,1.98542857143,0.957828571429,0.498228571429,5.51857142857e-05,0.966057142857,0.0183148571429,2.02357142857e-06,3.97285714286,99.3,0.014562,2155.42857143,0.005002,1.02314786339
num-800000,4436.38888889,1.05,0.523555555556,0.263638888889,8806.66666667,1.04694444444,26.1805555556,1.98583333333,0.950138888889,0.581777777778,6.60416666667e-05,0.957583333333,0.0243444444444,2.76277777778e-06,3.97083333333,99.2861111111,0.0263388888889,2101.38888889,0.0134811111111,1.02551868212
num-800000,4416.57142857,1.05,0.5238,0.262542857143,8809.14285714,1.04771428571,26.1914285714,1.99514285714,0.960742857143,0.446828571429,5.07228571429e-05,0.963714285714,0.0162017142857,1.83885714286e-06,3.99,99.6628571429,0.0147848571429,2101.42857143,0.00592971428571,1.0197413747
num-800000,4454.57142857,1.05,0.6622,0.264914285714,11134.2857143,1.32428571429,33.1114285714,2.49914285714,0.834685714286,6.314,0.000567228571429,0.993285714286,0.0421771428571,3.78771428571e-06,4.99942857143,124.971428571,0.0679542857143,2100.0,0.0246742857143,1.02403904926
num-800000,4541.71428571,1.05,0.527171428571,0.264085714286,9067.14285714,1.054,26.3685714286,1.99714285714,0.953771428571,0.548657142857,6.05114285714e-05,0.946742857143,0.02846,3.14114285714e-06,3.99257142857,99.7742857143,0.0354542857143,2149.14285714,0.02038,1.0209275213
num-800000,4523.23529412,1.05,0.526205882353,0.263411764706,9037.94117647,1.05235294118,26.3205882353,1.99852941176,0.955352941176,0.527764705882,5.83617647059e-05,0.956794117647,0.0220205882353,2.43529411765e-06,3.99617647059,99.8911764706,0.0208588235294,2146.17647059,0.0104864705882,1.01774937185
num-800000,4422.28571429,1.05,0.525457142857,0.262914285714,8839.42857143,1.05114285714,26.2828571429,1.99828571429,0.955457142857,0.5098,5.76828571429e-05,0.961114285714,0.01942,2.19714285714e-06,3.99657142857,99.8942857143,0.0201514285714,2101.42857143,0.010128,1.01861933353
num-800000,4438.85714286,1.05,0.525342857143,0.263371428571,8853.71428571,1.05085714286,26.2628571429,1.99542857143,0.956485714286,0.498257142857,5.62714285714e-05,0.952428571429,0.0248857142857,2.808e-06,3.99,99.6685714286,0.0257171428571,2105.71428571,0.0121745714286,1.02014681212
num-800000,4517.64705882,1.05,0.524176470588,0.262617647059,9013.52941176,1.04882352941,26.2058823529,1.995,0.959823529412,0.476323529412,5.28588235294e-05,0.9595,0.0191558823529,2.12705882353e-06,3.99117647059,99.7411764706,0.0156120588235,2151.17647059,0.00632705882353,1.01979469894
num-800000,4431.42857143,1.05,0.658742857143,0.2634,11092.0,1.31742857143,32.9314285714,2.50228571429,0.826342857143,6.456,0.000581428571429,0.992971428571,0.0443857142857,4.00428571429e-06,5.00485714286,125.114285714,0.0701685714286,2102.28571429,0.0256342857143,1.02483835834
num-800000,4003.14285714,1.054,0.605142857143,0.237514285714,10190.2857143,1.21131428571,30.2514285714,2.55714285714,0.842628571429,5.32960571429,0.000474368571429,0.9584,0.0453051428571,4.12757142857e-06,5.11571428571,127.885714286,0.0747214285714,2106.28571429,0.0294020857143,1.01577384513
num-800000,4532.64705882,1.05,0.525088235294,0.262323529412,9068.52941176,1.05058823529,26.2470588235,2.00117647059,0.959029411765,0.475117647059,5.24029411765e-05,0.972441176471,0.0129767647059,1.43052941176e-06,4.00205882353,100.017647059,0.0103158823529,2160.29411765,0.00357882352941,1.01743153661
num-800000,3077.71428571,1.06257142857,0.489514285714,0.182685714286,8243.71428571,0.979714285714,24.4857142857,2.67085714286,0.9334,1.12098571429,9.48065714286e-05,0.905685714286,0.03212,2.97042857143e-06,5.34085714286,133.542857143,0.0570927428571,2105.42857143,0.0190686285714,1.00840737506
num-800000,4439.14285714,1.05,0.525114285714,0.263371428571,8846.28571429,1.04885714286,26.2514285714,1.99257142857,0.952085714286,0.562457142857,6.35942857143e-05,0.957828571429,0.0234742857143,2.654e-06,3.98485714286,99.64,0.0255342857143,2104.85714286,0.0132562857143,1.02106407844
num-300000,4680.0,1.05,0.670615384615,0.278230769231,11269.2307692,1.34153846154,33.5384615385,2.40923076923,0.741846153846,9.93538461538,0.000880538461538,0.990307692308,0.0944692307692,8.36461538462e-06,4.82,120.692307692,0.398153846154,2102.30769231,0.161,1.0164491462
num-300000,4851.53846154,1.05,0.739076923077,0.287846153846,12453.8461538,1.47769230769,36.9615384615,2.56769230769,0.825076923077,3.36769230769,0.000270384615385,0.941769230769,0.189307692308,1.51846153846e-05,5.13461538462,128.461538462,0.530230769231,2107.69230769,0.237461538462,1.02742900182
num-300000,4583.07692308,1.05,0.529923076923,0.266769230769,9100.76923077,1.06,26.5,1.98692307692,0.954230769231,0.569692307692,6.26692307692e-05,0.930615384615,0.0410307692308,4.53692307692e-06,3.97230769231,99.2,0.316692307692,2146.15384615,0.0357538461538,1.01486691181
num-300000,4666.92307692,1.05,0.534307692308,0.276923076923,9001.53846154,1.06923076923,26.7230769231,1.92769230769,0.924615384615,0.920769230769,0.000102307692308,0.919307692308,0.0721538461538,8.01e-06,3.85692307692,96.4384615385,0.358923076923,2105.38461538,0.148769230769,1.01514850313
num-300000,4807.69230769,1.05,0.679307692308,0.280307692308,11661.5384615,1.35846153846,33.9692307692,2.42307692308,0.804846153846,7.37692307692,0.000633307692308,0.985076923077,0.108769230769,9.31153846154e-06,4.84692307692,121.076923077,0.423307692308,2143.07692308,0.185230769231,1.01814467183
num-300000,4572.30769231,1.05,0.527692307692,0.271230769231,8895.38461538,1.05538461538,26.3769230769,1.95076923077,0.955,0.659692307692,7.33615384615e-05,0.956692307692,0.0297307692308,3.29230769231e-06,3.89923076923,97.4846153846,0.233492307692,2105.38461538,0.0470276923077,1.0182262956
num-300000,4554.61538462,1.05,0.713846153846,0.265461538462,12245.3846154,1.42769230769,35.7,2.68692307692,0.842384615385,3.01846153846,0.000245230769231,0.966,0.0959307692308,7.92692307692e-06,5.37538461538,134.307692308,0.161307692308,2144.61538462,0.0541923076923,1.01759259058
num-300000,4636.15384615,1.05,0.537230769231,0.274923076923,9062.30769231,1.07461538462,26.8692307692,1.95461538462,0.936461538462,0.761307692308,8.40230769231e-05,0.909846153846,0.0669307692308,7.38307692308e-06,3.90923076923,97.7153846154,0.350538461538,2106.92307692,0.122230769231,1.0169316302
num-300000,4752.30769231,1.05,0.546076923077,0.282307692308,9193.84615385,1.09153846154,27.3076923077,1.93384615385,0.922,0.963769230769,0.000104946153846,0.883076923077,0.108938461538,1.18615384615e-05,3.86923076923,96.7538461538,0.406307692308,2103.84615385,0.195846153846,1.02705393812
num-300000,4683.84615385,1.05,0.671538461538,0.276307692308,11376.9230769,1.34307692308,33.5692307692,2.42846153846,0.778230769231,8.49923076923,0.000747307692308,0.988846153846,0.0949384615385,8.34461538462e-06,4.85923076923,121.461538462,0.404307692308,2117.69230769,0.169230769231,1.03427981204
num-300000,4611.53846154,1.05,0.530538461538,0.268615384615,9109.23076923,1.06076923077,26.5153846154,1.97384615385,0.947461538462,0.636307692308,6.98384615385e-05,0.928846153846,0.0443461538462,4.86230769231e-06,3.94846153846,98.7307692308,0.328769230769,2146.15384615,0.0613,1.01109296894
num-300000,4506.15384615,1.05,0.526846153846,0.267384615385,8872.30769231,1.05384615385,26.3307692308,1.96769230769,0.950076923077,0.590153846154,6.65230769231e-05,0.925538461538,0.0442538461538,4.98461538462e-06,3.93923076923,98.4846153846,0.316461538462,2104.61538462,0.0451923076923,1.01928751133
num-300000,4474.61538462,1.05,0.524692307692,0.265307692308,8847.69230769,1.04923076923,26.2384615385,1.97692307692,0.949538461538,0.593,6.70538461538e-05,0.938923076923,0.0355846153846,4.02076923077e-06,3.95384615385,98.8692307692,0.314076923077,2106.15384615,0.0463153846154,1.01659047559
num-300000,4806.92307692,1.05,0.685846153846,0.280923076923,11723.0769231,1.37076923077,34.2846153846,2.44153846154,0.809153846154,6.86538461538,0.000585076923077,0.979615384615,0.138384615385,1.18e-05,4.88307692308,122.153846154,0.452538461538,2139.23076923,0.210307692308,1.02371309224
num-300000,4995.38461538,1.05,0.551307692308,0.289769230769,9507.69230769,1.10307692308,27.5615384615,1.92076923077,0.910538461538,2.09753846154,0.000196653846154,0.936769230769,0.144953846154,1.35976923077e-05,3.83846153846,96.0,0.391615384615,2155.38461538,0.0921076923077,1.02010983343
num-300000,4670.0,1.05,0.536153846154,0.277384615385,9025.38461538,1.07153846154,26.8,1.93384615385,0.923307692308,0.939230769231,0.000103915384615,0.917769230769,0.0750153846154,8.30923076923e-06,3.86461538462,96.6461538462,0.364384615385,2103.84615385,0.15,1.02601058426
num-300000,4523.84615385,1.05,0.523461538462,0.262846153846,9003.07692308,1.04769230769,26.1538461538,1.99,0.956615384615,0.516384615385,5.73615384615e-05,0.957307692308,0.0217461538462,2.41461538462e-06,3.98,99.4230769231,0.0205846153846,2153.84615385,0.01065,1.01562547201
num-300000,4619.23076923,1.05,0.534769230769,0.273538461538,9034.61538462,1.06923076923,26.7461538462,1.95538461538,0.937461538462,0.769230769231,8.50307692308e-05,0.913692307692,0.0627923076923,6.93692307692e-06,3.91153846154,97.7846153846,0.343538461538,2110.0,0.100584615385,1.01667914448
num-300000,4621.53846154,1.05,0.531538461538,0.274384615385,8950.0,1.06307692308,26.5846153846,1.93615384615,0.934615384615,0.788769230769,8.81e-05,0.911076923077,0.0681615384615,7.61461538462e-06,3.87461538462,96.8153846154,0.349384615385,2103.84615385,0.116492307692,1.02467862954
num-300000,4422.30769231,1.05,0.524153846154,0.261769230769,8844.61538462,1.04846153846,26.2230769231,2.00230769231,0.964923076923,0.399692307692,4.51923076923e-05,0.967692307692,0.0128323076923,1.45153846154e-06,4.0,100.076923077,0.00869923076923,2108.46153846,0.00303692307692,1.01281532295
num-500000,4572.85714286,1.05,0.526714285714,0.266142857143,9052.38095238,1.05333333333,26.3285714286,1.97857142857,0.952952380952,0.55319047619,6.10857142857e-05,0.94180952381,0.0316571428571,3.49523809524e-06,3.95761904762,98.9523809524,0.312666666667,2148.57142857,0.0344014285714,1.01896635685
num-500000,4685.45454545,1.05,0.6695,0.276681818182,11336.3636364,1.33909090909,33.4681818182,2.41727272727,0.777863636364,8.52181818182,0.000752090909091,0.988272727273,0.0992272727273,8.74909090909e-06,4.83772727273,121.0,0.405772727273,2114.54545455,0.170454545455,1.04458177643
num-500000,4774.09090909,1.05,0.543227272727,0.283272727273,9150.90909091,1.08590909091,27.15,1.91727272727,0.924,0.952636363636,0.000104190909091,0.879272727273,0.1108,1.21045454545e-05,3.83409090909,95.8590909091,0.409636363636,2105.45454545,0.197363636364,1.03409158702
num-500000,4820.90909091,1.05,0.678863636364,0.2805,11668.1818182,1.35818181818,33.9454545455,2.42090909091,0.795772727273,7.22727272727,0.0006195,0.980318181818,0.140045454545,1.20090909091e-05,4.84227272727,121.045454545,0.455136363636,2148.63636364,0.213136363636,1.02724744739
num-500000,4790.95238095,1.05,0.539047619048,0.278,9290.47619048,1.07714285714,26.9619047619,1.93857142857,0.932904761905,0.837476190476,9.0180952381e-05,0.903666666667,0.0782047619048,8.4219047619e-06,3.87952380952,96.9571428571,0.372047619048,2152.85714286,0.157095238095,1.02468335205
num-500000,4618.63636364,1.05,0.528545454545,0.272363636364,8962.27272727,1.05681818182,26.4318181818,1.94090909091,0.935772727273,0.777818181818,8.67818181818e-05,0.911909090909,0.0667681818182,7.44090909091e-06,3.88227272727,97.0454545455,0.351181818182,2118.63636364,0.116618181818,1.03975124973
num-500000,4706.81818182,1.05,0.672363636364,0.279409090909,11331.8181818,1.345,33.6272727273,2.40727272727,0.793227272727,7.69272727273,0.000679,0.985454545455,0.110695454545,9.77409090909e-06,4.81409090909,120.363636364,0.417681818182,2104.54545455,0.186318181818,1.0250123196
num-500000,4698.18181818,1.05,0.672454545455,0.279045454545,11322.7272727,1.34454545455,33.6181818182,2.41045454545,0.814272727273,7.17954545455,0.000634136363636,0.986681818182,0.0933727272727,8.24590909091e-06,4.82,120.454545455,0.398090909091,2103.63636364,0.160909090909,1.02374540702
num-500000,4610.47619048,1.05,0.529380952381,0.268238095238,9101.9047619,1.05904761905,26.4714285714,1.97380952381,0.945428571429,0.663238095238,7.28333333333e-05,0.929142857143,0.0470761904762,5.15666666667e-06,3.94714285714,98.6761904762,0.32680952381,2148.57142857,0.0531666666667,1.01655307419
num-500000,4646.36363636,1.05,0.533818181818,0.275590909091,8999.54545455,1.06727272727,26.6954545455,1.93636363636,0.923,0.953863636364,0.000105986363636,0.9185,0.0747454545455,8.30318181818e-06,3.87363636364,96.8227272727,0.362636363636,2105.45454545,0.149409090909,1.04009438354
num-500000,4552.72727273,1.05,0.525681818182,0.265227272727,9025.0,1.05181818182,26.2818181818,1.98181818182,0.954863636364,0.537772727273,5.94954545455e-05,0.948363636364,0.0267090909091,2.95863636364e-06,3.96409090909,99.1136363636,0.3065,2145.0,0.0274686363636,1.0248112145
num-500000,4760.90909091,1.05,0.536363636364,0.278045454545,9185.45454545,1.07318181818,26.8272727273,1.93181818182,0.9165,1.10704545455,0.000119131818182,0.922045454545,0.0904136363636,9.675e-06,3.865,96.6363636364,0.375090909091,2140.0,0.130090909091,1.03427406928
num-500000,4545.0,1.05,0.528681818182,0.270227272727,8891.36363636,1.05727272727,26.4318181818,1.95681818182,0.944272727273,0.673363636364,7.57363636364e-05,0.909954545455,0.0601045454545,6.75090909091e-06,3.91136363636,97.7909090909,0.330772727273,2101.36363636,0.0591045454545,1.02241952572
num-500000,3932.38095238,1.05761904762,0.591619047619,0.228714285714,10169.5238095,1.18328571429,29.580952381,2.59428571429,0.885952380952,2.06531904762,0.0001667,0.909666666667,0.122817619048,1.01557142857e-05,5.18857142857,129.523809524,0.448619047619,2154.76190476,0.15537,1.01565700363
num-500000,3913.80952381,1.05761904762,0.589333333333,0.228095238095,10119.5238095,1.17880952381,29.4714285714,2.59047619048,0.878238095238,2.21521904762,0.000179252380952,0.904142857143,0.122362857143,1.02166666667e-05,5.18142857143,129.428571429,0.444619047619,2147.14285714,0.154604285714,1.01483626405
num-500000,4491.36363636,1.05,0.528454545455,0.266272727273,8910.90909091,1.05590909091,26.4136363636,1.98454545455,0.954,0.5495,6.16681818182e-05,0.938272727273,0.0337272727273,3.78363636364e-06,3.96772727273,99.15,0.307681818182,2107.72727273,0.03345,1.01524198351
num-500000,4695.23809524,1.05,0.534428571429,0.272714285714,9201.42857143,1.06857142857,26.7238095238,1.95857142857,0.936095238095,0.774476190476,8.41714285714e-05,0.91919047619,0.0609476190476,6.62333333333e-06,3.92,97.9761904762,0.348714285714,2154.28571429,0.101161904762,1.02098681609
num-500000,4723.18181818,1.05,0.538772727273,0.275818181818,9224.54545455,1.07818181818,26.9409090909,1.95272727273,0.932090909091,0.861045454545,9.345e-05,0.917318181818,0.0684,7.37909090909e-06,3.90636363636,97.6181818182,0.359,2140.0,0.123563636364,1.02734404931
num-500000,4588.0952381,1.05,0.527285714286,0.26719047619,9053.80952381,1.05476190476,26.3714285714,1.97333333333,0.951333333333,0.581714285714,6.42619047619e-05,0.938,0.0357333333333,3.94238095238e-06,3.94666666667,98.6619047619,0.317857142857,2145.23809524,0.0469666666667,1.0175008581
num-500000,4584.76190476,1.05,0.527523809524,0.266952380952,9064.28571429,1.05571428571,26.3904761905,1.97619047619,0.946619047619,0.641238095238,7.07904761905e-05,0.939142857143,0.0392380952381,4.33857142857e-06,3.95285714286,98.8619047619,0.318476190476,2147.61904762,0.0428904761905,1.01671118529
num-600000,4752.30769231,1.05,0.540730769231,0.281653846154,9123.46153846,1.08038461538,27.0461538462,1.92384615385,0.935423076923,0.860692307692,9.42884615385e-05,0.918961538462,0.0684307692308,7.48807692308e-06,3.84384615385,96.1153846154,0.349653846154,2107.30769231,0.138476923077,1.01409640544
num-600000,4454.23076923,1.05,0.525307692308,0.263076923077,8892.30769231,1.05076923077,26.2653846154,1.99730769231,0.946115384615,0.622846153846,7.00384615385e-05,0.964923076923,0.0217038461538,2.43269230769e-06,3.99346153846,99.7615384615,0.0234884615385,2114.61538462,0.0113392307692,1.00776633682
num-600000,4548.46153846,1.05,0.525038461538,0.263576923077,9056.92307692,1.05038461538,26.2538461538,1.99192307692,0.957653846154,0.507576923077,5.60884615385e-05,0.940923076923,0.0303846153846,3.36730769231e-06,3.98307692308,99.5153846154,0.0283538461538,2157.69230769,0.0140230769231,1.01131718968
num-600000,4490.76923077,1.05,0.527153846154,0.266807692308,8871.92307692,1.055,26.3653846154,1.975,0.951769230769,0.554,6.24038461538e-05,0.935153846154,0.0358769230769,4.03461538462e-06,3.95153846154,98.7769230769,0.308,2102.69230769,0.0365307692308,1.0103958511
num-600000,4680.74074074,1.05,0.540296296296,0.278074074074,9096.66666667,1.07962962963,27.0222222222,1.94296296296,0.927333333333,0.909148148148,9.98148148148e-05,0.910777777778,0.0778333333333,8.54518518519e-06,3.88740740741,97.1666666667,0.364518518519,2103.7037037,0.149962962963,1.01515860704
num-600000,3609.61538462,1.05961538462,0.5465,0.214038461538,9223.07692308,1.09353846154,27.3269230769,2.56692307692,0.897846153846,1.78496923077,0.000150091923077,0.864576923077,0.124288461538,1.12261538462e-05,5.13230769231,128.269230769,0.425307692308,2104.23076923,0.131031423077,1.00993090513
num-600000,4495.38461538,1.05,0.526346153846,0.267423076923,8849.23076923,1.05307692308,26.3192307692,1.96807692308,0.949269230769,0.611653846154,6.90769230769e-05,0.936807692308,0.0383961538462,4.33461538462e-06,3.93653846154,98.4192307692,0.310461538462,2100.0,0.0394538461538,1.01125491058
num-600000,4422.30769231,1.05,0.523923076923,0.262923076923,8813.46153846,1.04730769231,26.1884615385,1.99269230769,0.957576923077,0.488807692308,5.54769230769e-05,0.962346153846,0.0183653846154,2.08307692308e-06,3.98538461538,99.6384615385,0.0168476923077,2101.92307692,0.00671038461538,1.00971220661
num-600000,4760.0,1.05,0.671851851852,0.277518518519,11514.8148148,1.34407407407,33.5851851852,2.42037037037,0.811,7.17814814815,0.000623111111111,0.983518518519,0.115703703704,1.00362962963e-05,4.84074074074,121.074074074,0.429555555556,2144.44444444,0.19037037037,1.03775955704
num-600000,4518.14814815,1.05,0.527407407407,0.26837037037,8879.25925926,1.05555555556,26.3740740741,1.96888888889,0.939407407407,0.774481481481,8.55074074074e-05,0.940962962963,0.0527888888889,5.72703703704e-06,3.93851851852,98.4592592593,0.0573481481481,2103.7037037,0.0272555555556,1.01822220394
num-600000,4505.0,1.05,0.527538461538,0.267461538462,8881.92307692,1.05538461538,26.3615384615,1.97153846154,0.945153846154,0.642192307692,7.22961538462e-05,0.942730769231,0.0363846153846,4.09269230769e-06,3.94384615385,98.6076923077,0.313615384615,2103.84615385,0.0451961538462,1.00948917795
num-600000,4628.07692308,1.05,0.536346153846,0.274923076923,9033.84615385,1.07230769231,26.8346153846,1.95269230769,0.934807692308,0.784461538462,8.68346153846e-05,0.915576923077,0.0643923076923,7.12384615385e-06,3.90423076923,97.5884615385,0.345884615385,2103.84615385,0.117057692308,1.01195851289
num-600000,4696.2962963,1.05,0.677555555556,0.278962962963,11418.5185185,1.35518518519,33.8703703704,2.42962962963,0.79062962963,7.39814814815,0.000648518518519,0.982074074074,0.130777777778,1.14518518519e-05,4.85888888889,121.518518519,0.444333333333,2104.44444444,0.207259259259,1.04522985878
num-600000,4692.22222222,1.05,0.674185185185,0.278222222222,11370.3703704,1.34888888889,33.7185185185,2.4237037037,0.80637037037,7.53333333333,0.000662777777778,0.987777777778,0.0909851851852,8.00481481481e-06,4.8462962963,121.185185185,0.396814814815,2107.40740741,0.16037037037,1.02034379165
num-600000,3568.46153846,1.05961538462,0.546307692308,0.212,9195.0,1.09219230769,27.3192307692,2.58461538462,0.892576923077,1.86533846154,0.000155392307692,0.886961538462,0.103026923077,9.05769230769e-06,5.17038461538,129.307692308,0.410538461538,2103.07692308,0.127253846154,1.00681766315
num-600000,4586.15384615,1.05,0.658153846154,0.266153846154,11330.7692308,1.31615384615,32.9038461538,2.47230769231,0.807269230769,7.41153846154,0.000653884615385,0.994461538462,0.0408615384615,3.60461538462e-06,4.94423076923,123.538461538,0.0714384615385,2153.07692308,0.0261615384615,1.025628605
num-600000,4509.61538462,1.05,0.523807692308,0.262615384615,8995.0,1.04692307692,26.1961538462,1.99423076923,0.9625,0.445961538462,4.96076923077e-05,0.962961538462,0.0164907692308,1.83192307692e-06,3.99,99.7653846154,0.0119603846154,2146.15384615,0.00411003846154,1.00922908477
num-600000,4554.23076923,1.05,0.527346153846,0.266384615385,9015.0,1.05538461538,26.3692307692,1.98038461538,0.932384615385,0.898230769231,9.77346153846e-05,0.952846153846,0.0486692307692,5.23461538462e-06,3.96038461538,99.0384615385,0.0445461538462,2136.15384615,0.0158730769231,1.01383039619
num-600000,4463.84615385,1.05,0.526346153846,0.265230769231,8854.23076923,1.05269230769,26.3115384615,1.98384615385,0.956846153846,0.499115384615,5.63615384615e-05,0.946923076923,0.0260461538462,2.94076923077e-06,3.96769230769,99.1423076923,0.300076923077,2101.92307692,0.0270884615385,1.01223558804
num-600000,4495.92592593,1.05,0.523777777778,0.266925925926,8823.7037037,1.04740740741,26.1851851852,1.96185185185,0.943851851852,0.664703703704,7.52814814815e-05,0.93037037037,0.044862962963,5.08407407407e-06,3.92518518519,98.1148148148,0.322444444444,2104.81481481,0.0581740740741,1.02872030323
num-100000,4537.5,1.05,0.66925,0.2655,11425.0,1.3375,33.475,2.52,0.80825,6.765,0.00059225,0.98875,0.076375,6.6825e-06,5.035,126.0,0.1075,2132.5,0.042275,1.01709118773
num-100000,4442.5,1.05,0.52275,0.26275,8830.0,1.0475,26.125,1.9875,0.95325,0.54475,6.165e-05,0.94825,0.027325,3.0925e-06,3.975,99.4,0.0254,2110.0,0.012225,1.01768129428
num-100000,4447.5,1.05,0.52375,0.263,8850.0,1.0475,26.2,1.9925,0.9495,0.61425,6.945e-05,0.957,0.027125,3.065e-06,3.98,99.55,0.02295,2110.0,0.007645,1.0156743271
num-100000,4430.0,1.05,0.52375,0.263,8835.0,1.0475,26.2,1.995,0.9505,0.568,6.4325e-05,0.9515,0.0273,3.0875e-06,3.9875,99.575,0.023875,2107.5,0.0117025,1.00879319248
num-100000,4427.5,1.05,0.52225,0.2625,8810.0,1.0475,26.15,1.99,0.95275,0.5605,6.365e-05,0.96225,0.021425,2.43e-06,3.98,99.55,0.017825,2107.5,0.00701,1.01143094163
num-100000,4587.5,1.05,0.7225,0.2685,12350.0,1.445,36.125,2.6925,0.814,3.51,0.00028425,0.97275,0.0924,7.4725e-06,5.3875,134.5,0.16375,2137.5,0.05685,1.01335269901
num-100000,4502.5,1.05,0.52525,0.26325,8995.0,1.0525,26.25,1.995,0.95525,0.52,5.7775e-05,0.95125,0.0252,2.8e-06,3.9925,99.875,0.0203,2150.0,0.00799,1.00799313816
num-100000,4465.0,1.05,0.522,0.26125,8915.0,1.045,26.125,1.995,0.9585,0.4835,5.4275e-05,0.963,0.017825,1.9975e-06,3.9925,99.925,0.014145,2137.5,0.005465,1.00427425708
num-100000,4505.0,1.05,0.5205,0.261,8980.0,1.0425,26.025,1.9925,0.9565,0.502,5.595e-05,0.9605,0.021075,2.35e-06,3.9875,99.7,0.016875,2155.0,0.006255,1.02811923406
num-100000,4520.0,1.05,0.52675,0.2645,9005.0,1.0525,26.3,1.9925,0.94925,0.59625,6.625e-05,0.93425,0.038375,4.2725e-06,3.9825,99.6,0.042825,2135.0,0.0239,1.00688979119
num-100000,4452.5,1.05,0.5205,0.2625,8825.0,1.04,26.0,1.9825,0.95225,0.562,6.3725e-05,0.94725,0.0291,3.2975e-06,3.965,99.1,0.030175,2117.5,0.01535,1.02327187068
num-100000,4677.5,1.05,0.72425,0.27475,12325.0,1.45,36.2,2.6375,0.826,3.53,0.000286,0.95725,0.1427,1.15775e-05,5.275,132.0,0.19025,2130.0,0.063575,1.01790000291
num-100000,4730.0,1.05,0.67575,0.27625,11575.0,1.35,33.775,2.45,0.84575,6.1075,0.000529,0.98575,0.0863,7.32e-06,4.9075,122.75,0.15515,2140.0,0.0843,1.00870954712
num-100000,4475.0,1.05,0.5215,0.262,8915.0,1.0425,26.1,1.99,0.953,0.54875,6.1575e-05,0.9445,0.03015,3.3775e-06,3.9775,99.475,0.027775,2137.5,0.0136,1.00912474934
num-100000,4555.0,1.05,0.66175,0.265,11375.0,1.3225,33.075,2.495,0.78575,8.3975,0.0007395,0.9925,0.0605,5.3225e-06,4.99,124.75,0.08,2140.0,0.029325,1.01164537412
num-100000,4500.0,1.05,0.52475,0.2625,8995.0,1.0475,26.225,1.9975,0.9625,0.4385,4.875e-05,0.95075,0.021675,2.41e-06,3.9975,99.675,0.018275,2142.5,0.0071075,1.00557962533
num-100000,4492.5,1.05,0.524,0.26275,8955.0,1.0475,26.175,1.9925,0.95825,0.48725,5.445e-05,0.94775,0.026025,2.915e-06,3.9875,99.65,0.019675,2137.5,0.0070025,1.00908584694
num-100000,4505.0,1.05,0.52425,0.263,8977.5,1.05,26.2,1.9925,0.9545,0.537,5.9825e-05,0.9375,0.032675,3.6425e-06,3.985,99.625,0.0316,2137.5,0.0158,1.01795778287
num-100000,4445.0,1.05,0.5235,0.263,8845.0,1.0475,26.175,1.9875,0.954,0.53925,6.095e-05,0.93525,0.034125,3.8575e-06,3.98,99.375,0.03045,2112.5,0.0142275,1.00856968623
num-100000,4537.5,1.05,0.664,0.26625,11325.0,1.325,33.175,2.4925,0.794,7.695,0.000681,0.992,0.0612,5.42e-06,4.9875,124.5,0.089475,2125.0,0.036525,1.01336406727
num-900000,4537.43589744,1.05,0.526384615385,0.263794871795,9055.64102564,1.05256410256,26.3179487179,1.99615384615,0.952538461538,0.559641025641,6.16846153846e-05,0.957538461538,0.0228564102564,2.51743589744e-06,3.99128205128,99.7717948718,0.0237846153846,2149.74358974,0.0112917948718,1.01766084651
num-900000,4527.17948718,1.05,0.524153846154,0.263179487179,9015.38461538,1.04820512821,26.2076923077,1.99051282051,0.956846153846,0.508307692308,5.63307692308e-05,0.952487179487,0.0240533333333,2.66707692308e-06,3.98205128205,99.5205128205,0.0191146153846,2151.02564103,0.00737025641026,1.02023974068
num-900000,3787.0,1.056,0.57315,0.225225,9643.0,1.14645,28.6575,2.5585,0.86845,4.384245,0.0003914825,0.933025,0.04867325,4.565125e-06,5.11725,127.975,0.070885725,2101.25,0.02772005,1.01743259259
num-900000,4455.0,1.05,0.526175,0.2646,8855.0,1.05225,26.305,1.98825,0.94775,0.61615,6.931e-05,0.9522,0.03245,3.627e-06,3.978,99.42,0.03023,2103.0,0.0133785,1.01988340053
num-900000,4532.56410256,1.05,0.525641025641,0.263564102564,9040.76923077,1.05153846154,26.2846153846,1.99358974359,0.956743589744,0.514,5.68641025641e-05,0.947179487179,0.0280153846154,3.09974358974e-06,3.98794871795,99.6743589744,0.0283564102564,2151.02564103,0.0140774358974,1.0193559541
num-900000,4533.58974359,1.05,0.523794871795,0.262461538462,9045.64102564,1.04717948718,26.1871794872,1.99564102564,0.967102564103,0.391769230769,4.33666666667e-05,0.956923076923,0.0172387179487,1.91587179487e-06,3.99051282051,99.7538461538,0.0115461538462,2160.51282051,0.00391646153846,1.01886466231
num-900000,3069.23076923,1.06333333333,0.478282051282,0.182128205128,8052.56410256,0.956923076923,23.9153846154,2.62794871795,0.936923076923,1.05124871795,9.11784615385e-05,0.843923076923,0.0486487179487,5.01887179487e-06,5.25512820513,131.41025641,0.0661135897436,2104.61538462,0.0220981538462,1.01149878421
num-900000,3007.17948718,1.06333333333,0.476384615385,0.178641025641,8020.25641026,0.952820512821,23.8307692308,2.65923076923,0.937487179487,1.04561025641,8.90792307692e-05,0.876717948718,0.0338792307692,3.25771794872e-06,5.32102564103,133.025641026,0.0548556410256,2102.56410256,0.0187656923077,1.00616079984
num-900000,4487.25,1.05,0.527525,0.2668,8871.25,1.05425,26.38,1.981,0.9528,0.605575,6.733e-05,0.953125,0.0345625,3.80325e-06,3.9595,98.94,0.032081,2101.25,0.0120775,1.01864352629
num-900000,4519.48717949,1.05,0.524205128205,0.262717948718,9014.35897436,1.04871794872,26.2051282051,1.99461538462,0.956333333333,0.514641025641,5.70333333333e-05,0.965564102564,0.0172835897436,1.91841025641e-06,3.98948717949,99.7051282051,0.015191025641,2149.48717949,0.00597538461538,1.02072784625
num-900000,4419.5,1.05,0.5226,0.262375,8798.5,1.045,26.125,1.9915,0.958575,0.487625,5.547e-05,0.96295,0.0190175,2.15475e-06,3.982,99.535,0.0135855,2103.75,0.0048535,1.02190903384
num-900000,4420.5,1.05,0.5246,0.262225,8839.25,1.04875,26.2325,1.99925,0.961875,0.434725,4.9205e-05,0.9679,0.01368475,1.5467e-06,3.9995,99.9225,0.00926675,2105.0,0.003169175,1.01862516642
num-900000,4522.56410256,1.05,0.526025641026,0.263897435897,9014.1025641,1.05256410256,26.2897435897,1.99358974359,0.954384615385,0.542794871795,6.01717948718e-05,0.950769230769,0.0263230769231,2.91692307692e-06,3.98615384615,99.6615384615,0.0251923076923,2142.56410256,0.01206,1.01843388473
num-900000,4542.82051282,1.05,0.527,0.264179487179,9061.28205128,1.05358974359,26.3538461538,1.99435897436,0.955794871795,0.523923076923,5.78256410256e-05,0.939153846154,0.0310512820513,3.42820512821e-06,3.98923076923,99.6871794872,0.0378435897436,2149.48717949,0.0209769230769,1.02044756669
num-900000,4532.56410256,1.05,0.525820512821,0.263512820513,9044.1025641,1.05153846154,26.2948717949,1.99538461538,0.957846153846,0.508871794872,5.62512820513e-05,0.951179487179,0.0243025641026,2.68461538462e-06,3.99076923077,99.7230769231,0.0270051282051,2150.25641026,0.0140582051282,1.01863874094
num-900000,4434.5,1.05,0.52565,0.2637,8840.75,1.05075,26.2825,1.99525,0.954825,0.519875,5.87675e-05,0.94875,0.02895,3.26625e-06,3.987,99.67,0.02606,2101.25,0.0122335,1.01998300311
num-900000,4157.94871795,1.05358974359,0.611102564103,0.242282051282,10492.8205128,1.22225641026,30.5538461538,2.53153846154,0.830641025641,6.19516410256,0.00054278025641,0.954948717949,0.0457061538462,4.41694871795e-06,5.06307692308,126.564102564,0.0692174358974,2141.02564103,0.0274511282051,1.01395609685
num-900000,4511.02564103,1.05,0.523820512821,0.262205128205,9010.0,1.04717948718,26.2,1.99615384615,0.961512820513,0.447615384615,4.96794871795e-05,0.967615384615,0.0143405128205,1.59302564103e-06,3.99384615385,99.8051282051,0.0120587179487,2150.0,0.00434,1.01821643993
num-900000,4270.25,1.0515,0.636625,0.253675,10720.75,1.273075,31.84,2.51475,0.863325,5.1442675,0.0004627295,0.9735,0.0403605,3.70925e-06,5.0295,125.8,0.06408375,2102.5,0.023541775,1.01772151704
num-900000,4161.5,1.0525,0.6215,0.2475,10459.25,1.243275,31.0825,2.52075,0.813525,6.88277,0.0006196575,0.965975,0.0425825,3.9179e-06,5.0425,126.075,0.06223575,2101.25,0.0227036,1.01850342859
num-1000000,4475.0,1.05,0.526454545455,0.264227272727,8915.22727273,1.0525,26.3181818182,1.9925,0.946840909091,0.624545454545,7.00045454545e-05,0.951909090909,0.0298363636364,3.34840909091e-06,3.98522727273,99.5636363636,0.0267363636364,2116.13636364,0.0120259090909,1.01912996398
num-1000000,4651.86046512,1.05,0.528976744186,0.270069767442,9106.27906977,1.05790697674,26.4418604651,1.9611627907,0.949651162791,0.666581395349,7.28441860465e-05,0.944186046512,0.038423255814,4.19441860465e-06,3.92279069767,98.0604651163,0.210830232558,2153.25581395,0.0351895348837,1.02776424953
num-1000000,4548.60465116,1.05,0.52576744186,0.263465116279,9072.79069767,1.05023255814,26.2813953488,1.99488372093,0.959,0.486581395349,5.36302325581e-05,0.946627906977,0.0253465116279,2.79325581395e-06,3.9888372093,99.7023255814,0.0264790697674,2158.37209302,0.0136297674419,1.02067399042
num-1000000,4409.09090909,1.05,0.523659090909,0.262181818182,8804.54545455,1.04659090909,26.1840909091,1.99681818182,0.964795454545,0.414863636364,4.71454545455e-05,0.974568181818,0.010415,1.18279545455e-06,3.99295454545,99.8113636364,0.00948613636364,2100.68181818,0.00331113636364,1.02155376677
num-1000000,4159.77272727,1.05272727273,0.613727272727,0.247272727273,10330.4545455,1.22736363636,30.6931818182,2.48886363636,0.857363636364,5.31920227273,0.000479484090909,0.978568181818,0.0443325,4.10625e-06,4.97863636364,124.477272727,0.184956818182,2101.81818182,0.0434837045455,1.02377117722
num-1000000,4517.44186047,1.05,0.523093023256,0.262697674419,8995.81395349,1.04651162791,26.1558139535,1.99162790698,0.959906976744,0.476604651163,5.29651162791e-05,0.957906976744,0.0209427906977,2.32413953488e-06,3.98302325581,99.5581395349,0.0164413953488,2150.69767442,0.00649976744186,1.02368577163
num-1000000,3974.09090909,1.05431818182,0.597545454545,0.236204545455,10046.3636364,1.19513636364,29.8840909091,2.54136363636,0.874727272727,4.58604090909,0.000411745909091,0.957227272727,0.0343652272727,3.26181818182e-06,5.08386363636,127.068181818,0.0549379545455,2102.27272727,0.02003725,1.01740343231
num-1000000,4425.68181818,1.05,0.524340909091,0.262590909091,8835.90909091,1.04863636364,26.2181818182,1.99636363636,0.961568181818,0.44025,4.98159090909e-05,0.968522727273,0.0138459090909,1.56390909091e-06,3.99227272727,99.8181818182,0.0112838636364,2104.77272727,0.00402954545455,1.02019150792
num-1000000,2918.63636364,1.06386363636,0.462022727273,0.17325,7781.13636364,0.924113636364,23.0977272727,2.65409090909,0.939204545455,0.932063636364,8.20561363636e-05,0.856295454545,0.0330731818182,3.51704545455e-06,5.30772727273,132.704545455,0.0493938636364,2102.27272727,0.0166041363636,1.00891556101
num-1000000,3755.58139535,1.05720930233,0.55423255814,0.218465116279,9522.55813953,1.10844186047,27.7046511628,2.55395348837,0.866441860465,4.50377674419,0.000395018372093,0.942720930233,0.0506562790698,4.77693023256e-06,5.10953488372,127.76744186,0.0700690697674,2147.20930233,0.0280616511628,1.01681803569
num-1000000,4432.95454545,1.05,0.525409090909,0.263272727273,8842.04545455,1.05022727273,26.2704545455,1.99477272727,0.955795454545,0.519977272727,5.87954545455e-05,0.953931818182,0.0234159090909,2.64772727273e-06,3.98954545455,99.7340909091,0.0248772727273,2102.72727273,0.0129859090909,1.02228881031
num-1000000,4437.04545455,1.05,0.525681818182,0.263159090909,8860.68181818,1.05159090909,26.2931818182,1.99636363636,0.956704545455,0.496363636364,5.6025e-05,0.952886363636,0.0229886363636,2.59522727273e-06,3.99477272727,99.775,0.0217022727273,2105.68181818,0.0106645454545,1.01919657015
num-1000000,3902.5,1.055,0.585931818182,0.232068181818,9856.81818182,1.172,29.3022727273,2.53954545455,0.841818181818,5.62610681818,0.000505925454545,0.949204545455,0.0404265909091,4.02118181818e-06,5.0775,127.0,0.0620281818182,2101.13636364,0.0244209318182,1.0179563069
num-1000000,2960.69767442,1.06395348837,0.462627906977,0.173186046512,7907.44186047,0.925279069767,23.1325581395,2.66186046512,0.944046511628,0.932997674419,7.81572093023e-05,0.89811627907,0.0296904651163,2.78390697674e-06,5.32372093023,133.162790698,0.0498041860465,2130.23255814,0.0172362325581,1.00700435451
num-1000000,4517.6744186,1.05,0.524348837209,0.262790697674,9013.72093023,1.04837209302,26.2162790698,1.99534883721,0.959558139535,0.471302325581,5.23162790698e-05,0.956627906977,0.0203523255814,2.26846511628e-06,3.99023255814,99.7209302326,0.0165079069767,2150.0,0.00655651162791,1.02058798819
num-1000000,4415.90909091,1.05,0.523886363636,0.262272727273,8815.90909091,1.04795454545,26.1931818182,1.99590909091,0.951931818182,0.540113636364,6.12863636364e-05,0.968181818182,0.0180838636364,2.04727272727e-06,3.99295454545,99.7840909091,0.0115625,2102.27272727,0.00386629545455,1.02050463284
num-1000000,4508.86363636,1.05,0.529886363636,0.267772727273,8923.18181818,1.05931818182,26.5045454545,1.98136363636,0.954931818182,0.551181818182,6.14818181818e-05,0.939886363636,0.0350136363636,3.89409090909e-06,3.96204545455,99.0727272727,0.0338454545455,2103.40909091,0.0143595454545,1.02154812586
num-1000000,4564.18604651,1.05,0.527860465116,0.26523255814,9081.62790698,1.05627906977,26.3976744186,1.99,0.948279069767,0.625906976744,6.88860465116e-05,0.933302325581,0.0411139534884,4.52186046512e-06,3.97953488372,99.4465116279,0.0445930232558,2151.39534884,0.0227023255814,1.02268264369
num-1000000,4421.36363636,1.05,0.523318181818,0.262545454545,8810.0,1.04613636364,26.1727272727,1.99227272727,0.959886363636,0.464795454545,5.27863636364e-05,0.954181818182,0.0220347727273,2.50179545455e-06,3.98545454545,99.5727272727,0.0176725,2103.18181818,0.00684272727273,1.02343743042
num-1000000,4418.86363636,1.05,0.522954545455,0.262431818182,8802.27272727,1.04659090909,26.1545454545,1.99272727273,0.96125,0.454227272727,5.16159090909e-05,0.964090909091,0.0164120454545,1.86461363636e-06,3.98431818182,99.6113636364,0.0143138636364,2102.27272727,0.0053825,1.02377845617
num-400000,4443.52941176,1.05,0.522823529412,0.263235294118,8825.29411765,1.04588235294,26.1411764706,1.98529411765,0.954588235294,0.540588235294,6.10941176471e-05,0.963588235294,0.0187352941176,2.11882352941e-06,3.97294117647,99.3470588235,0.0159882352941,2108.82352941,0.00624882352941,1.02546303325
num-400000,4414.11764706,1.05,0.526,0.262588235294,8843.52941176,1.05176470588,26.2941176471,2.00352941176,0.962,0.453117647059,5.12588235294e-05,0.960411764706,0.0179982352941,2.03376470588e-06,4.00647058824,100.070588235,0.0122758823529,2101.76470588,0.00412529411765,1.01798243241
num-400000,4463.52941176,1.05,0.664705882353,0.264882352941,11211.7647059,1.32941176471,33.2529411765,2.50941176471,0.835764705882,6.23588235294,0.000556764705882,0.992705882353,0.0448941176471,4.00647058824e-06,5.01764705882,125.588235294,0.0702823529412,2104.70588235,0.0257764705882,1.02201066814
num-400000,3986.47058824,1.05470588235,0.633352941176,0.236941176471,10660.5882353,1.26758823529,31.6764705882,2.67058823529,0.878882352941,2.20995294118,0.000184095882353,0.911176470588,0.0778352941176,6.77117647059e-06,5.34176470588,133.588235294,0.127077647059,2101.76470588,0.0435176470588,1.02177583245
num-400000,4564.11764706,1.05,0.662411764706,0.265176470588,11405.8823529,1.32529411765,33.1235294118,2.49882352941,0.832529411765,6.56882352941,0.000576176470588,0.993529411765,0.0426411764706,3.74411764706e-06,4.99705882353,124.882352941,0.0694294117647,2151.17647059,0.0252294117647,1.02540216691
num-400000,4442.35294118,1.05,0.522764705882,0.262882352941,8834.11764706,1.04647058824,26.1294117647,1.98882352941,0.957352941176,0.489117647059,5.53588235294e-05,0.951294117647,0.0235882352941,2.66705882353e-06,3.97588235294,99.4411764706,0.0219117647059,2110.58823529,0.0111176470588,1.02677275192
num-400000,4447.05882353,1.05,0.526588235294,0.264176470588,8860.58823529,1.05470588235,26.3352941176,1.99235294118,0.931588235294,0.796058823529,8.98411764706e-05,0.958352941176,0.0324941176471,3.66647058824e-06,3.98588235294,99.6,0.0379764705882,2101.76470588,0.0213294117647,1.02451481808
num-400000,4432.94117647,1.05,0.524882352941,0.263,8847.05882353,1.05058823529,26.2470588235,1.99588235294,0.954588235294,0.521,5.88764705882e-05,0.954647058824,0.0230117647059,2.6e-06,3.99,99.7235294118,0.0216176470588,2105.29411765,0.0108994117647,1.02129478066
num-400000,4508.82352941,1.05,0.524529411765,0.262294117647,9016.47058824,1.04882352941,26.2235294118,1.99882352941,0.964647058824,0.417588235294,4.63470588235e-05,0.959823529412,0.0166058823529,1.84470588235e-06,3.99941176471,99.9529411765,0.0126605882353,2147.64705882,0.00504294117647,1.01962164378
num-400000,4527.05882353,1.05,0.524235294118,0.263470588235,9003.52941176,1.04705882353,26.2,1.98882352941,0.954764705882,0.537235294118,5.97058823529e-05,0.951294117647,0.0255647058824,2.84352941176e-06,3.97705882353,99.3882352941,0.0245588235294,2147.05882353,0.0119029411765,1.02467746095
num-400000,4468.23529412,1.05,0.664941176471,0.265588235294,11194.1176471,1.33,33.2352941176,2.50529411765,0.812882352941,6.93529411765,0.000619941176471,0.993058823529,0.0472647058824,4.22411764706e-06,5.00823529412,125.235294118,0.0793176470588,2101.17647059,0.0314647058824,1.0209923097
num-400000,4540.58823529,1.05,0.524764705882,0.264294117647,9014.11764706,1.04941176471,26.2411764706,1.98588235294,0.957823529412,0.510294117647,5.66117647059e-05,0.944117647059,0.0282470588235,3.13117647059e-06,3.97058823529,99.2764705882,0.0275294117647,2147.05882353,0.0126,1.02173454473
num-400000,4505.88235294,1.05,0.526235294118,0.262529411765,9036.47058824,1.05235294118,26.3058823529,2.00470588235,0.963,0.431,4.77352941176e-05,0.956705882353,0.0185705882353,2.05647058824e-06,4.01,100.288235294,0.0130047058824,2145.88235294,0.00434117647059,1.01713418691
num-400000,4487.05882353,1.05,0.673,0.266647058824,11323.5294118,1.34588235294,33.6588235294,2.52411764706,0.75,8.72058823529,0.000770294117647,0.991823529412,0.0715823529412,6.32529411765e-06,5.04764705882,126.352941176,0.103023529412,2101.76470588,0.0397705882353,1.01944077068
num-400000,4444.70588235,1.05,0.525588235294,0.263882352941,8851.76470588,1.05117647059,26.2764705882,1.99058823529,0.946294117647,0.626529411765,7.07470588235e-05,0.956529411765,0.0270764705882,3.05411764706e-06,3.98352941176,99.5470588235,0.0292705882353,2104.70588235,0.0143488235294,1.02246367342
num-400000,4465.29411765,1.05,0.531176470588,0.264941176471,8950.0,1.06294117647,26.5529411765,2.00411764706,0.961,0.448294117647,5.00705882353e-05,0.957764705882,0.0193411764706,2.10941176471e-06,4.00823529412,100.164705882,0.0185141176471,2104.70588235,0.00885117647059,1.02322049804
num-400000,4422.94117647,1.05,0.524411764706,0.262588235294,8837.64705882,1.04882352941,26.2176470588,1.99705882353,0.955235294118,0.519411764706,5.87705882353e-05,0.965235294118,0.0179117647059,2.02764705882e-06,3.99411764706,99.8411764706,0.01522,2105.88235294,0.00626176470588,1.02189279184
num-400000,4425.29411765,1.05,0.523176470588,0.262470588235,8821.76470588,1.04705882353,26.1470588235,1.99352941176,0.963941176471,0.421705882353,4.78411764706e-05,0.957529411765,0.0176529411765,1.99941176471e-06,3.98705882353,99.6529411765,0.0146205882353,2107.05882353,0.00589411764706,1.02198631621
num-400000,4439.41176471,1.05,0.523823529412,0.263411764706,8828.82352941,1.04823529412,26.2058823529,1.98882352941,0.953352941176,0.543,6.14882352941e-05,0.952058823529,0.0256058823529,2.89941176471e-06,3.97823529412,99.4,0.0278117647059,2105.88235294,0.0140088235294,1.02433337866
num-400000,3977.64705882,1.05470588235,0.633647058824,0.235647058824,10697.0588235,1.26770588235,31.6705882353,2.68352941176,0.879823529412,2.1731,0.00017989,0.916705882353,0.06892,5.93882352941e-06,5.36647058824,134.235294118,0.122871176471,2107.05882353,0.0425105882353,1.01768821361
num-200000,4507.5,1.05,0.524625,0.26275,8998.75,1.04875,26.25,1.9975,0.95875,0.4935,5.48875e-05,0.953875,0.0227,2.52125e-06,3.99375,99.875,0.0191625,2143.75,0.00775875,1.02440417442
num-200000,4637.5,1.05,0.671375,0.275,11325.0,1.3425,33.5625,2.45375,0.820875,6.89125,0.0006055,0.986125,0.1145,9.775e-06,4.9025,122.625,0.402625,2106.25,0.06295,1.03365765824
num-200000,4420.0,1.05,0.524875,0.2625,8845.0,1.04875,26.25,2.0,0.96025,0.475125,5.37875e-05,0.960625,0.018525,2.0975e-06,4.0025,100.0125,0.0146,2106.25,0.005475,1.02164078454
num-200000,4467.5,1.05,0.523,0.262875,8885.0,1.04625,26.1625,1.98875,0.955625,0.516125,5.81125e-05,0.947375,0.02665,2.99625e-06,3.97625,99.425,0.0243625,2121.25,0.01183375,1.02886175
num-200000,4518.75,1.05,0.525625,0.2635,9011.25,1.05,26.275,1.995,0.950375,0.613875,6.77125e-05,0.96075,0.0228625,2.52875e-06,3.98875,99.6,0.016555,2143.75,0.00532,1.02233526812
num-200000,4430.0,1.05,0.523875,0.263,8827.5,1.04625,26.2,1.99125,0.958125,0.489125,5.54e-05,0.95275,0.022715,2.5725e-06,3.9825,99.55,0.02255,2106.25,0.01113375,1.02631647305
num-200000,4433.75,1.05,0.523875,0.262875,8826.25,1.0475,26.1875,1.99375,0.949375,0.5875,6.66125e-05,0.95575,0.02565,2.90875e-06,3.98125,99.525,0.0259375,2106.25,0.0135,1.02682139589
num-200000,4440.0,1.05,0.522625,0.2625,8838.75,1.04625,26.125,1.99125,0.9575,0.485375,5.49625e-05,0.953,0.022275,2.51625e-06,3.98125,99.5,0.0218125,2115.0,0.01112,1.03006180045
num-200000,4491.25,1.05,0.67075,0.265375,11350.0,1.3425,33.5625,2.5275,0.7705,8.04125,0.0007085,0.99175,0.0668625,5.8925e-06,5.055,126.5,0.1017375,2115.0,0.041025,1.02141365514
num-200000,4472.5,1.05,0.661375,0.264875,11175.0,1.3225,33.05,2.4975,0.804375,7.5525,0.000676125,0.99375,0.047625,4.26e-06,4.9975,125.0,0.0703875,2110.0,0.026,1.02955081296
num-200000,4472.5,1.05,0.664125,0.26475,11225.0,1.32625,33.2,2.5075,0.842625,5.93,0.000528375,0.991875,0.0485375,4.3275e-06,5.01625,125.625,0.0725,2112.5,0.0269125,1.02906005888
num-200000,4475.0,1.05,0.525,0.263875,8901.25,1.05,26.25,1.99,0.952625,0.5495,6.1725e-05,0.93875,0.0330125,3.7075e-06,3.9775,99.4375,0.037425,2116.25,0.0215125,1.03567053356
num-200000,4620.0,1.05,0.725125,0.270125,12387.5,1.45,36.2375,2.68375,0.828875,3.32875,0.000268625,0.972,0.0893375,7.21e-06,5.36875,134.25,0.1645,2135.0,0.0569,1.03015545376
num-200000,4458.75,1.05,0.523375,0.2625,8882.5,1.0475,26.175,1.99125,0.96175,0.457375,5.15e-05,0.9565,0.0203,2.28625e-06,3.985,99.625,0.0184375,2121.25,0.0069825,1.02107328304
num-200000,4605.0,1.05,0.7255,0.270875,12325.0,1.45,36.3,2.6775,0.846125,3.0325,0.00024575,0.964,0.1050125,8.525e-06,5.3575,133.75,0.16825,2125.0,0.05755,1.02739115151
num-200000,4512.5,1.05,0.52375,0.262875,8983.75,1.0475,26.1875,1.99,0.955,0.52525,5.84875e-05,0.93675,0.0328125,3.65125e-06,3.9825,99.5375,0.031125,2142.5,0.015675,1.02662464343
num-200000,4516.25,1.05,0.523125,0.26325,8977.5,1.04625,26.1875,1.98625,0.951125,0.579125,6.45625e-05,0.95625,0.0249125,2.78375e-06,3.9775,99.4125,0.0232625,2150.0,0.011455,1.02572675238
num-200000,4592.5,1.05,0.52425,0.26375,9128.75,1.04875,26.2125,1.98875,0.954625,0.55975,6.13375e-05,0.9395,0.035825,3.91875e-06,3.9775,99.3375,0.314375,2181.25,0.0088625,1.0281486431
num-200000,4447.5,1.05,0.5245,0.263,8870.0,1.0475,26.2,1.99625,0.9585,0.4845,5.46625e-05,0.941125,0.03513625,3.951375e-06,3.99,99.675,0.0201,2115.0,0.00568125,1.01987124682
num-200000,4428.75,1.05,0.5245,0.26225,8862.5,1.04875,26.2375,2.00125,0.964375,0.4015,4.5275e-05,0.963875,0.01433875,1.61875e-06,4.00125,100.1,0.01135625,2112.5,0.00370875,1.02764704777
num-700000,4421.29032258,1.05,0.522709677419,0.262516129032,8801.61290323,1.04580645161,26.1193548387,1.99161290323,0.957838709677,0.485225806452,5.51612903226e-05,0.969483870968,0.0146,1.65590322581e-06,3.98225806452,99.5225806452,0.0133351612903,2103.87096774,0.0053264516129,1.0202711658
num-700000,3408.0,1.06066666667,0.5167,0.198133333333,8882.66666667,1.0336,25.8466666667,2.60433333333,0.918633333333,1.44816666667,0.000122158,0.893633333333,0.0675553333333,6.2377e-06,5.21033333333,130.266666667,0.292,2150.66666667,0.0608322,1.00964823156
num-700000,4529.33333333,1.05,0.5251,0.2636,9027.0,1.05,26.2566666667,1.99366666667,0.951866666667,0.576466666667,6.388e-05,0.953733333333,0.0261666666667,2.897e-06,3.985,99.5533333333,0.02597,2148.33333333,0.0134503333333,1.01782322295
num-700000,4441.61290323,1.05,0.525032258065,0.263967741935,8836.77419355,1.05032258065,26.264516129,1.98967741935,0.956677419355,0.504935483871,5.71e-05,0.950483870968,0.0246,2.78258064516e-06,3.97870967742,99.4580645161,0.0254483870968,2103.22580645,0.0118041935484,1.02095599999
num-700000,4574.19354839,1.05,0.531,0.271387096774,8954.19354839,1.06161290323,26.5483870968,1.96064516129,0.952741935484,0.617967741935,6.86419354839e-05,0.962935483871,0.0245758064516,2.72406451613e-06,3.92096774194,98.0,0.0206748387097,2107.09677419,0.00635629032258,1.02329026347
num-700000,3182.25806452,1.06161290323,0.505580645161,0.189258064516,8505.80645161,1.01116129032,25.264516129,2.65838709677,0.921903225806,1.31512903226,0.000111429354839,0.901483870968,0.0381673225806,3.57851612903e-06,5.31548387097,132.838709677,0.0667226129032,2100.96774194,0.0230509032258,1.01244645722
num-700000,4534.66666667,1.05,0.525766666667,0.263633333333,9045.66666667,1.05066666667,26.2933333333,1.99466666667,0.954566666667,0.543666666667,6.00966666667e-05,0.946833333333,0.0301633333333,3.32766666667e-06,3.98866666667,99.7066666667,0.0272766666667,2150.33333333,0.0134086666667,1.01656529255
num-700000,4476.4516129,1.05,0.664322580645,0.265709677419,11190.3225806,1.32741935484,33.2161290323,2.49967741935,0.81864516129,6.9764516129,0.000623548387097,0.992451612903,0.0526741935484,4.69709677419e-06,5.00129032258,125.129032258,0.0742967741935,2104.51612903,0.0271806451613,1.01724191434
num-700000,4456.77419355,1.05,0.526967741935,0.264580645161,8874.51612903,1.05419354839,26.3451612903,1.99096774194,0.949032258065,0.601806451613,6.77870967742e-05,0.941741935484,0.032864516129,3.70096774194e-06,3.98258064516,99.4741935484,0.039264516129,2104.51612903,0.0214387096774,1.0209462468
num-700000,4581.33333333,1.05,0.6667,0.265733333333,11493.3333333,1.33333333333,33.33,2.50966666667,0.815533333333,6.95566666667,0.0006052,0.992866666667,0.04939,4.299e-06,5.01833333333,125.533333333,0.0822866666667,2156.0,0.0331533333333,1.01799828732
num-700000,4438.70967742,1.05,0.525,0.26364516129,8838.70967742,1.05032258065,26.2548387097,1.99096774194,0.943548387097,0.652193548387,7.37419354839e-05,0.963096774194,0.0237129032258,2.68161290323e-06,3.98258064516,99.5258064516,0.0240612903226,2102.58064516,0.0115264516129,1.0195745754
num-700000,4516.33333333,1.05,0.524166666667,0.2626,9017.0,1.04833333333,26.21,1.99633333333,0.962733333333,0.444866666667,4.93366666667e-05,0.959433333333,0.0182023333333,2.00943333333e-06,3.992,99.81,0.013262,2150.33333333,0.00445623333333,1.01654409131
num-700000,4529.0,1.05,0.525466666667,0.263066666667,9044.0,1.05133333333,26.26,1.99666666667,0.955766666667,0.5197,5.74533333333e-05,0.951066666667,0.0251266666667,2.77733333333e-06,3.993,99.8033333333,0.0246166666667,2151.33333333,0.0120423333333,1.01737297379
num-700000,4423.87096774,1.05,0.524096774194,0.262967741935,8820.0,1.04838709677,26.2,1.99322580645,0.959032258065,0.472,5.34387096774e-05,0.963129032258,0.0167458064516,1.89816129032e-06,3.9864516129,99.6709677419,0.0120570967742,2103.22580645,0.00412787096774,1.01758249019
num-700000,4255.16129032,1.05193548387,0.639483870968,0.252935483871,10753.5483871,1.27929032258,31.9806451613,2.53161290323,0.824870967742,5.97003225806,0.00053086516129,0.964967741935,0.0590419354839,5.59e-06,5.06612903226,126.580645161,0.0902119354839,2100.96774194,0.0352119354839,1.01418611509
num-700000,4467.09677419,1.05,0.664967741935,0.265451612903,11196.7741935,1.32967741935,33.2548387097,2.50548387097,0.818709677419,6.84838709677,0.000611741935484,0.99335483871,0.0440032258065,3.92903225806e-06,5.01225806452,125.290322581,0.0702096774194,2102.58064516,0.0260483870968,1.01825801801
num-700000,4524.0,1.05,0.524,0.2635,8993.0,1.04766666667,26.21,1.98866666667,0.9565,0.519033333333,5.77033333333e-05,0.944933333333,0.0304493333333,3.3748e-06,3.97666666667,99.3966666667,0.02304,2146.33333333,0.008093,1.01982563145
num-700000,4435.16129032,1.05,0.524096774194,0.262838709677,8842.58064516,1.04870967742,26.2064516129,1.99290322581,0.956,0.512677419355,5.79709677419e-05,0.965419354839,0.0177,2.0044516129e-06,3.98838709677,99.7322580645,0.0134370967742,2107.74193548,0.00523870967742,1.01547564705
num-700000,4432.90322581,1.05,0.526290322581,0.263322580645,8859.67741935,1.05225806452,26.3161290323,1.99806451613,0.957870967742,0.487451612903,5.50322580645e-05,0.949741935484,0.0241593548387,2.72870967742e-06,3.99612903226,99.8548387097,0.0243064516129,2103.22580645,0.0116,1.01571753541
num-700000,4425.80645161,1.05,0.52435483871,0.263064516129,8825.48387097,1.04806451613,26.2064516129,1.99290322581,0.958516129032,0.479870967742,5.43612903226e-05,0.952580645161,0.0239290322581,2.70870967742e-06,3.98774193548,99.6258064516,0.0180009677419,2102.58064516,0.00666580645161,1.01553211695
