;ACYC;AFREQ;C0res%;C10res%;C1res%;C2res%;C3res%;C3res%;C6res%;C6res%;C7res%;C7res%;C8res%;C9res%;EXEC;FREQ;INST;INSTnom;INSTnom%;IPC;L2HIT;L2MISS;L2MPI;L3HIT;L3MISS;L3MPI;PhysIPC;PhysIPC%;Proc Energy (Joules);READ;TIME(ticks);WRITE
num-800000;1.1e+06;1.01;97.4;0;2.64;0;0;0;0;0;0;0;0;0;1.27;0.982;1.42e+06;2.55;63.7;1.3;0.655;525;0.000369;0.669;168;0.000118;2.6;64.9;2.19e+03;123;1.39e+05;133;1.41058745784
;1.16e+06;1.01;99.5;0;0.531;0;0;0;0;0;0;0;0;0;1.2;1;1.39e+06;2.39;59.9;1.2;0.652;628;0.000452;0.484;308;0.000222;2.39;59.9;2.26e+03;162;1.45e+05;229;1.46780859575
;8.72e+05;1.01;85.5;0;14.1;0;0;0;0;0;0;0;0;0;1.05;0.863;1.06e+06;2.1;52.6;1.22;0.696;454;0.000427;0.486;218;0.000205;2.44;60.9;1.89e+03;142;1.26e+05;239;1.28236165165
;1.17e+06;1.01;99.8;0;0.18;0;0;0;0;0;0;0;0;0;1.18;1.01;1.38e+06;2.36;59;1.17;0.676;552;0.000401;0.492;264;0.000192;2.35;58.7;2.26e+03;158;1.46e+05;259;1.47671034962
;1.03e+06;1.01;94.5;0;5.47;0;0;0;0;0;0;0;0;0;1.15;0.954;1.25e+06;2.31;57.7;1.21;0.656;533;0.000426;0.449;277;0.000221;2.42;60.5;2.11e+03;145;1.36e+05;230;1.37424517655
;1.08e+06;1.01;96.9;0;3.05;0;0;0;0;0;0;0;0;0;1.26;0.978;1.4e+06;2.53;63.1;1.29;0.693;518;0.000371;0.593;204;0.000146;2.58;64.5;2.18e+03;135;1.38e+05;150;1.40048882755
;6.53e+05;1.01;66.4;0;32.6;0;0;0;0;0;0;0;0;0;0.794;0.672;7.72e+05;1.59;39.7;1.18;0.687;737;0.000955;0.631;234;0.000304;2.37;59.1;1.62e+03;185;1.21e+05;186;1.23053112216
;1.18e+06;0.941;99.8;0;0.186;0;0;0;0;0;0;0;0;0;1.08;0.939;1.36e+06;2.16;54.1;1.15;0.673;557;0.000409;0.412;305;0.000224;2.3;57.6;2.05e+03;169;1.57e+05;297;1.59479327575
;1.11e+06;1.01;96.1;0;3.77;0;0;0;0;0;0;0;0;0;0.944;0.97;1.08e+06;1.89;47.2;0.973;0.711;1.07e+03;0.000989;0.584;371;0.000345;1.95;48.7;2.17e+03;295;1.43e+05;318;1.44296281499
;1.17e+06;0.961;99.8;0;0.241;0;0;0;0;0;0;0;0;0;1.1;0.959;1.34e+06;2.2;55;1.15;0.661;606;0.000452;0.416;333;0.000248;2.3;57.4;2.12e+03;174;1.52e+05;288;1.54391158949
;1.12e+06;0.96;96.7;0;3.25;0;0;0;0;0;0;0;0;0;0.965;0.928;1.16e+06;1.93;48.3;1.04;0.67;803;0.000693;0.432;427;0.000368;2.08;52;2.02e+03;220;1.5e+05;333;1.52328349503
;1.18e+06;0.941;99.8;0;0.179;0;0;0;0;0;0;0;0;0;1.14;0.939;1.44e+06;2.29;57.2;1.22;0.67;471;0.000327;0.468;236;0.000164;2.44;60.9;2.09e+03;145;1.57e+05;244;1.59407708241
;1.13e+06;1.01;98.5;0;1.53;0;0;0;0;0;0;0;0;0;1.22;0.992;1.39e+06;2.44;60.9;1.23;0.698;718;0.000517;0.604;262;0.000188;2.46;61.5;2.24e+03;176;1.42e+05;174;1.44104791581
;1.18e+06;1.01;99.6;0;0.366;0;0;0;0;0;0;0;0;0;1.03;1.01;1.21e+06;2.06;51.6;1.02;0.702;964;0.0008;0.518;412;0.000342;2.05;51.1;2.28e+03;275;1.46e+05;315;1.48001785313
;9.21e+05;1.01;87.2;0;12.7;0;0;0;0;0;0;0;0;0;0.962;0.879;1.01e+06;1.92;48.1;1.1;0.687;787;0.000779;0.538;331;0.000328;2.19;54.8;1.96e+03;211;1.31e+05;278;1.32631073923
;1.17e+06;0.961;99.7;0;0.275;0;0;0;0;0;0;0;0;0;1.08;0.959;1.32e+06;2.16;54;1.13;0.655;679;0.000516;0.498;317;0.000241;2.25;56.3;2.1e+03;186;1.52e+05;291;1.5433445395
;8.12e+05;0.961;79.2;0;20.6;0;0;0;0;0;0;0;0;0;0.778;0.761;8.31e+05;1.56;38.9;1.02;0.699;853;0.00103;0.526;365;0.00044;2.05;51.1;1.7e+03;234;1.33e+05;289;1.35664571504
;1.18e+06;0.962;99.5;0;0.511;0;0;0;0;0;0;0;0;0;1.11;0.957;1.36e+06;2.21;55.4;1.16;0.699;995;0.000731;0.646;301;0.000221;2.31;57.9;2.17e+03;237;1.54e+05;201;1.55565317188
;1.05e+06;1.03;94.7;0;5.16;0;0;0;0;0;0;0;0;0;1.2;0.975;1.28e+06;2.39;59.8;1.23;0.715;681;0.000531;0.654;218;0.00017;2.45;61.3;2.24e+03;166;1.34e+05;180;1.35586568398
;9.35e+05;0.957;89.5;0;10.5;0;0;0;0;0;0;0;0;0;1.05;0.857;1.14e+06;2.09;52.3;1.22;0.649;640;0.00056;0.562;256;0.000224;2.44;61;1.87e+03;169;1.36e+05;236;1.38141469041

num-1000000;1.41e+06;1.01;98.4;0;1.56;0;0;0;0;0;0;0;0;0;1.13;0.993;1.59e+06;2.25;56.3;1.13;0.679;1.02e+03;0.000639;0.531;444;0.000278;2.27;56.7;2.77e+03;271;1.77e+05;318;1.43786273852
;1.4e+06;1.01;96.7;0;3.29;0;0;0;0;0;0;0;0;0;1.02;0.975;1.47e+06;2.04;50.9;1.04;0.666;1.01e+03;0.000692;0.434;534;0.000364;2.09;52.2;2.72e+03;276;1.8e+05;417;1.46532226141
;1.35e+06;1.01;96.9;0;3.09;0;0;0;0;0;0;0;0;0;1.26;0.977;1.74e+06;2.52;63;1.29;0.696;646;0.000371;0.588;255;0.000146;2.58;64.4;2.72e+03;173;1.73e+05;189;1.40407288613
;5.55e+05;1.01;50.1;0;44.8;0;0;0;0;0;0;0;0;0;0.746;0.505;8.2e+05;1.49;37.3;1.48;0.658;503;0.000613;0.617;181;0.000221;2.95;73.9;1.66e+03;133;1.37e+05;166;1.12377523338
;1.38e+06;1.01;97.5;0;2.53;0;0;0;0;0;0;0;0;0;1.05;0.985;1.48e+06;2.11;52.6;1.07;0.646;895;0.000605;0.503;408;0.000276;2.14;53.4;2.72e+03;243;1.76e+05;427;1.42722351428
;1.43e+06;1.01;99.2;0;0.763;0;0;0;0;0;0;0;0;0;1.15;1;1.65e+06;2.31;57.6;1.15;0.702;1.19e+03;0.000722;0.635;369;0.000224;2.3;57.6;2.82e+03;285;1.79e+05;249;1.4533302908
;9.67e+05;1.01;79.2;0;20.7;0;0;0;0;0;0;0;0;0;1.13;0.802;1.37e+06;2.27;56.7;1.41;0.661;657;0.00048;0.63;219;0.00016;2.83;70.7;2.29e+03;166;1.51e+05;174;1.22496089088
;1.44e+06;1.02;99.8;0;0.169;0;0;0;0;0;0;0;0;0;1.35;1.02;1.92e+06;2.7;67.6;1.33;0.672;437;0.000227;0.613;164;8.54e-05;2.66;66.5;2.9e+03;122;1.77e+05;140;1.44246797558
;1.07e+06;1.01;82.1;0;17.8;0;0;0;0;0;0;0;0;0;0.759;0.829;9.78e+05;1.52;37.9;0.915;0.664;1.03e+03;0.00105;0.514;448;0.000458;1.83;45.7;2.23e+03;273;1.61e+05;419;1.31049296109
;1.19e+06;1.01;90.1;0;9.55;0;0;0;0;0;0;0;0;0;0.921;0.911;1.2e+06;1.84;46;1.01;0.67;938;0.000782;0.415;509;0.000424;2.02;50.5;2.4e+03;259;1.63e+05;401;1.32438894671
;1.36e+06;1.01;96.7;0;3.22;0;0;0;0;0;0;0;0;0;1.01;0.978;1.41e+06;2.03;50.7;1.04;0.677;1e+03;0.00071;0.449;509;0.00036;2.07;51.9;2.66e+03;276;1.74e+05;400;1.41654080366
;8.87e+05;1.01;72.2;0;27.2;0;0;0;0;0;0;0;0;0;0.802;0.732;9.72e+05;1.6;40.1;1.1;0.695;848;0.000872;0.509;382;0.000393;2.19;54.8;2.12e+03;243;1.51e+05;329;1.2352086646
;8.74e+05;1.01;74.5;0;25.4;0;0;0;0;0;0;0;0;0;1.14;0.752;1.33e+06;2.29;57.2;1.52;0.66;491;0.000369;0.598;185;0.000139;3.04;76.1;2.17e+03;128;1.45e+05;149;1.18091101291
;1.41e+06;1.01;99.6;0;0.423;0;0;0;0;0;0;0;0;0;1.33;1;1.87e+06;2.65;66.3;1.32;0.672;431;0.000231;0.526;199;0.000107;2.64;66;2.78e+03;123;1.76e+05;158;1.43075597088
;1.01e+06;1.01;80.8;0;18.7;0;0;0;0;0;0;0;0;0;0.953;0.816;1.18e+06;1.91;47.7;1.17;0.667;807;0.000683;0.463;405;0.000342;2.34;58.4;2.26e+03;221;1.55e+05;305;1.26242514766
;1.45e+06;1.01;99.7;0;0.309;0;0;0;0;0;0;0;0;0;1.22;1;1.76e+06;2.45;61.1;1.22;0.673;575;0.000326;0.42;318;0.000181;2.44;60.9;2.8e+03;163;1.8e+05;280;1.46384818186
;1.41e+06;1.01;98.9;0;1.14;0;0;0;0;0;0;0;0;0;1.23;0.996;1.74e+06;2.46;61.5;1.23;0.684;911;0.000523;0.62;324;0.000186;2.47;61.7;2.79e+03;214;1.77e+05;211;1.43886642467
;1.22e+06;1.01;93.2;0;6.78;0;0;0;0;0;0;0;0;0;1.27;0.94;1.65e+06;2.54;63.4;1.35;0.674;440;0.000266;0.525;203;0.000123;2.7;67.5;2.53e+03;120;1.63e+05;153;1.32417239168
;1.43e+06;1.01;99;0;0.974;0;0;0;0;0;0;0;0;0;1.18;0.999;1.69e+06;2.35;58.8;1.18;0.695;1.09e+03;0.000646;0.623;361;0.000214;2.35;58.9;2.83e+03;266;1.79e+05;243;1.45869092919
;1.32e+06;1.01;95.5;0;4.46;0;0;0;0;0;0;0;0;0;1.02;0.964;1.41e+06;2.05;51.2;1.06;0.659;880;0.000625;0.4;494;0.00035;2.13;53.2;2.6e+03;242;1.72e+05;399;1.39910159538

num-500000;7.39e+05;1.01;99.5;0;0.523;0;0;0;0;0;0;0;0;0;1.07;1;7.89e+05;2.14;53.5;1.07;0.682;533;0.000675;0.539;223;0.000282;2.13;53.3;1.42e+03;147;9.21e+04;195;1.43602112113
;7.38e+05;1.01;99.5;0;0.507;0;0;0;0;0;0;0;0;0;1.24;1;9.14e+05;2.48;62;1.24;0.686;466;0.00051;0.627;158;0.000173;2.48;61.9;1.45e+03;112;9.2e+04;101;1.43692711527
;5.25e+05;1.01;81.7;0;18;0;0;0;0;0;0;0;0;0;1.16;0.829;7.36e+05;2.32;58.1;1.4;0.709;327;0.000444;0.588;128;0.000173;2.81;70.1;1.24e+03;89.8;7.92e+04;98;1.23806849491
;7.49e+05;1.01;99.8;0;0.231;0;0;0;0;0;0;0;0;0;1.14;1;8.51e+05;2.28;57;1.14;0.667;369;0.000434;0.463;184;0.000216;2.27;56.8;1.44e+03;109;9.32e+04;190;1.45660508648
;7.43e+05;1.01;99.8;0;0.211;0;0;0;0;0;0;0;0;0;1.34;1.01;9.84e+05;2.68;66.9;1.32;0.682;227;0.000231;0.621;83.8;8.52e-05;2.65;66.2;1.47e+03;65.6;9.18e+04;77.2;1.43320238455
;5.85e+05;1.01;84;0;15.7;0;0;0;0;0;0;0;0;0;0.812;0.845;5.62e+05;1.62;40.6;0.961;0.702;642;0.00114;0.514;276;0.000491;1.92;48.1;1.22e+03;178;8.65e+04;196;1.3499416133
;7.44e+05;1.01;99.7;0;0.299;0;0;0;0;0;0;0;0;0;1.12;1.01;8.25e+05;2.24;55.9;1.11;0.674;434;0.000525;0.473;213;0.000258;2.22;55.5;1.44e+03;121;9.22e+04;187;1.44077593369
;6.16e+05;1.02;87.3;0;12.7;0;0;0;0;0;0;0;0;0;0.95;0.886;6.6e+05;1.9;47.5;1.07;0.658;432;0.000655;0.472;206;0.000312;2.14;53.6;1.31e+03;127;8.68e+04;221;1.35539265159
;7.37e+05;1.01;99.6;0;0.377;0;0;0;0;0;0;0;0;0;1.24;1.01;9.07e+05;2.49;62.2;1.23;0.685;479;0.000528;0.632;159;0.000175;2.46;61.6;1.47e+03;119;9.13e+04;101;1.42346237976
;7.42e+05;1.01;99.7;0;0.289;0;0;0;0;0;0;0;0;0;1.29;1;9.55e+05;2.58;64.6;1.29;0.678;331;0.000347;0.634;115;0.00012;2.58;64.4;1.45e+03;88.4;9.24e+04;93.2;1.44242181838
;7.15e+05;1.01;97.9;0;2.07;0;0;0;0;0;0;0;0;0;1.15;0.992;8.3e+05;2.3;57.6;1.16;0.674;399;0.000481;0.482;195;0.000235;2.32;58.1;1.43e+03;114;9.01e+04;162;1.40604510053
;7.43e+05;1.01;99.7;0;0.267;0;0;0;0;0;0;0;0;0;1.15;1.01;8.48e+05;2.3;57.4;1.14;0.684;459;0.000542;0.488;219;0.000258;2.28;57;1.45e+03;133;9.23e+04;164;1.43996316476
;8.15e+05;1.01;99.8;0;0.189;0;0;0;0;0;0;0;0;0;1.22;1.01;9.86e+05;2.44;60.9;1.21;0.664;310;0.000314;0.476;152;0.000154;2.42;60.5;1.59e+03;96.9;1.01e+05;165;1.5759440309
;6.05e+05;1;89.1;0;10.6;0;0;0;0;0;0;0;0;0;1.09;0.895;7.39e+05;2.19;54.7;1.22;0.708;473;0.00064;0.588;177;0.00024;2.44;61.1;1.27e+03;117;8.45e+04;119;1.31882066325
;7.83e+05;1.02;99.6;0;0.41;0;0;0;0;0;0;0;0;0;1.14;1.02;8.75e+05;2.27;56.8;1.12;0.65;474;0.000542;0.512;213;0.000243;2.23;55.9;1.56e+03;128;9.64e+04;197;1.50329251605
;7.46e+05;1.01;99.7;0;0.333;0;0;0;0;0;0;0;0;0;1.2;1;8.95e+05;2.41;60.2;1.2;0.692;360;0.000402;0.536;158;0.000176;2.4;60;1.45e+03;97.9;9.29e+04;139;1.44903110179
;5.98e+05;1;87.9;0;12;0;0;0;0;0;0;0;0;0;1.22;0.882;8.24e+05;2.43;60.8;1.38;0.672;285;0.000346;0.556;120;0.000145;2.76;68.9;1.3e+03;81;8.47e+04;95;1.32709715819
;7.38e+05;1.01;99.7;0;0.288;0;0;0;0;0;0;0;0;0;1.22;1.01;8.92e+05;2.44;61.1;1.21;0.685;448;0.000502;0.613;160;0.00018;2.42;60.5;1.46e+03;121;9.13e+04;126;1.42399321747
;4.11e+05;1.01;70.6;0;29.1;0;0;0;0;0;0;0;0;0;1.11;0.71;6.44e+05;2.22;55.6;1.56;0.677;181;0.000281;0.479;91.1;0.000142;3.13;78.2;1.05e+03;54.6;7.24e+04;77.3;1.13958681366
;6.39e+05;1;91.1;0;8.85;0;0;0;0;0;0;0;0;0;1.18;0.914;8.27e+05;2.36;59.1;1.29;0.709;357;0.000432;0.599;136;0.000165;2.58;64.6;1.32e+03;97.3;8.74e+04;106;1.36540368306

num-100000;1.79e+05;1.03;96.6;0;3.41;0;0;0;0;0;0;0;0;0;1.12;0.991;2.03e+05;2.25;56.1;1.13;0.704;102;0.000506;0.568;42.8;0.000211;2.27;56.6;364;28.8;2.25e+04;41.3;1.39765934275
;1.74e+05;0.999;99.6;0;0.39;0;0;0;0;0;0;0;0;0;1.31;0.995;2.28e+05;2.62;65.4;1.31;0.656;71.4;0.000313;0.681;21.5;9.44e-05;2.63;65.7;334;18.6;2.18e+04;17.9;1.34981913738
;1.97e+05;0.997;98.7;0;1.33;0;0;0;0;0;0;0;0;0;1.01;0.984;2.03e+05;2.03;50.6;1.03;0.68;164;0.000807;0.51;71.6;0.000353;2.06;51.5;368;43.6;2.5e+04;54.4;1.55454504857
;9.96e+04;0.995;65.7;0;31.6;0;0;0;0;0;0;0;0;0;0.755;0.654;1.15e+05;1.51;37.7;1.15;0.652;124;0.00108;0.591;45.1;0.000392;2.31;57.7;239;31;1.91e+04;30.4;1.21396714489
;1.85e+05;1;86.4;0;13.6;0;0;0;0;0;0;0;0;0;1.21;0.865;2.6e+05;2.43;60.6;1.4;0.628;113;0.000435;0.64;37.2;0.000143;2.8;70.1;405;28.7;2.68e+04;29;1.6488788705
;1.77e+05;1;98.1;0;1.75;0;0;0;0;0;0;0;0;0;0.911;0.982;1.64e+05;1.82;45.5;0.928;0.71;160;0.000974;0.511;68.2;0.000415;1.86;46.4;327;46.2;2.26e+04;54.5;1.39291678375
;1.75e+05;1.03;99.6;0;0.354;0;0;0;0;0;0;0;0;0;1.21;1.03;2.08e+05;2.43;60.7;1.18;0.694;129;0.000622;0.62;43.6;0.00021;2.37;59.2;364;35.5;2.14e+04;28.5;1.38193962132
;1.62e+05;1.01;94.7;0;5.13;0;0;0;0;0;0;0;0;0;0.911;0.955;1.55e+05;1.82;45.5;0.953;0.694;168;0.00108;0.562;62.7;0.000406;1.91;47.7;316;43.7;2.12e+04;45.9;1.3262567195
;2.3e+05;1.02;99.5;0;0.467;0;0;0;0;0;0;0;0;0;1.02;1.01;2.32e+05;2.03;50.8;1.01;0.695;195;0.000842;0.522;80;0.000345;2.01;50.3;450;55.6;2.85e+04;62.9;1.75985630634
;1.86e+05;1.02;97.1;0;2.9;0;0;0;0;0;0;0;0;0;1.02;0.995;1.91e+05;2.05;51.2;1.03;0.671;127;0.000663;0.497;57.3;0.000299;2.06;51.5;376;37.2;2.34e+04;58.6;1.44092316339
;2.07e+05;1.01;77.6;0;21.9;0;0;0;0;0;0;0;0;0;0.971;0.781;2.58e+05;1.94;48.5;1.24;0.67;217;0.000841;0.595;77.4;0.0003;2.49;62.1;488;53.4;3.32e+04;54.8;2.03537701357
;7.41e+04;1.05;52;0;43;0;0;0;0;0;0;0;0;0;0.729;0.543;9.95e+04;1.46;36.4;1.34;0.646;47.7;0.000479;0.346;28;0.000282;2.68;67.1;241;16.5;1.71e+04;35.7;1.06497383591
;1.78e+05;0.997;99.8;0;0.192;0;0;0;0;0;0;0;0;0;1.11;0.995;1.98e+05;2.21;55.3;1.11;0.679;109;0.000549;0.538;46.3;0.000235;2.22;55.5;331;30.9;2.24e+04;43.2;1.37666852486
;1.78e+05;1.03;99.8;0;0.205;0;0;0;0;0;0;0;0;0;1.16;1.03;2.02e+05;2.33;58.2;1.13;0.67;116;0.000573;0.515;52.4;0.000259;2.27;56.7;361;30.9;2.17e+04;37.1;1.36498644328
;3.36e+05;1.02;90.9;0;8.42;0;0;0;0;0;0;0;0;0;0.771;0.926;2.8e+05;1.54;38.5;0.833;0.702;453;0.00162;0.616;137;0.00049;1.67;41.6;673;119;4.53e+04;94.8;2.78184739005
;2e+05;1.01;98.9;0;1.13;0;0;0;0;0;0;0;0;0;1.3;1;2.6e+05;2.6;65;1.3;0.636;79.5;0.000306;0.656;25.8;9.92e-05;2.6;64.9;399;21.3;2.51e+04;25.1;1.54641411418
;1.73e+05;0.993;98.1;0;1.94;0;0;0;0;0;0;0;0;0;1.03;0.973;1.83e+05;2.06;51.6;1.06;0.699;133;0.000726;0.54;56.3;0.000308;2.12;53;321;37.6;2.22e+04;44.9;1.38007312275
;1.95e+05;1.02;99.7;0;0.278;0;0;0;0;0;0;0;0;0;1.11;1.02;2.11e+05;2.21;55.3;1.08;0.669;141;0.000667;0.508;62.5;0.000296;2.16;54.1;389;38.1;2.38e+04;45.4;1.47415595167
;9.95e+04;0.982;66.4;0;33.5;0;0;0;0;0;0;0;0;0;1.16;0.652;1.77e+05;2.32;58;1.78;0.689;35.8;0.000202;0.486;17.7;9.97e-05;3.56;89;261;12.6;1.91e+04;19.1;1.20398484077
;1.77e+05;1.01;99.9;0;0.145;0;0;0;0;0;0;0;0;0;1.29;1.01;2.25e+05;2.58;64.5;1.27;0.662;54.5;0.000242;0.454;28.5;0.000127;2.55;63.7;351;18;2.18e+04;28;1.34582354237

num-300000;4.66e+05;1.02;99.6;0;0.373;0;0;0;0;0;0;0;0;0;1.28;1.01;5.89e+05;2.56;63.9;1.26;0.687;252;0.000427;0.647;81.9;0.000139;2.53;63.2;936;64.8;5.76e+04;60.6;1.39779043939
;4.54e+05;1.01;99.7;0;0.299;0;0;0;0;0;0;0;0;0;1.28;1;5.8e+05;2.56;64.1;1.28;0.671;224;0.000386;0.634;77.7;0.000134;2.55;63.9;890;56.8;5.66e+04;59.7;1.37268306943
;1.82e+05;1.02;50.5;0;49.1;0;0;0;0;0;0;0;0;0;0.735;0.514;2.61e+05;1.47;36.8;1.43;0.647;179;0.000685;0.629;61.2;0.000235;2.86;71.5;550;46;4.44e+04;53.5;1.07840803167
;4.07e+05;1;94.9;0;4.98;0;0;0;0;0;0;0;0;0;1.26;0.952;5.36e+05;2.51;62.8;1.32;0.673;173;0.000322;0.558;74.2;0.000138;2.64;66;814;44.8;5.33e+04;51.9;1.29688609296
;3.89e+05;1.01;87.7;0;12.1;0;0;0;0;0;0;0;0;0;0.947;0.884;4.16e+05;1.89;47.3;1.07;0.7;345;0.000829;0.496;153;0.000367;2.14;53.5;809;93.1;5.49e+04;114;1.33203820457
;4.59e+05;1.01;99.7;0;0.272;0;0;0;0;0;0;0;0;0;1.13;1.01;5.15e+05;2.26;56.5;1.12;0.666;301;0.000586;0.532;129;0.000251;2.24;56.1;890;81.1;5.69e+04;109;1.38234708847
;4.62e+05;1.01;99.5;0;0.53;0;0;0;0;0;0;0;0;0;1.29;1;5.97e+05;2.59;64.7;1.29;0.662;224;0.000375;0.659;71.4;0.00012;2.59;64.7;901;55.4;5.77e+04;51.1;1.39816012029
;4.61e+05;1.01;99.8;0;0.236;0;0;0;0;0;0;0;0;0;1.3;1.01;5.95e+05;2.6;65;1.29;0.671;212;0.000357;0.682;63.7;0.000107;2.58;64.6;906;52.5;5.72e+04;49.7;1.38640668332
;2.55e+05;0.998;69.1;0;30.4;0;0;0;0;0;0;0;0;0;1.04;0.689;3.84e+05;2.08;52;1.51;0.678;105;0.000273;0.44;56.3;0.000147;3.02;75.5;636;34;4.62e+04;51.7;1.12705200143
;2.89e+05;1.02;75.2;0;24.7;0;0;0;0;0;0;0;0;0;0.954;0.766;3.6e+05;1.91;47.7;1.25;0.634;221;0.000613;0.534;94.5;0.000262;2.49;62.3;696;58.8;4.73e+04;87.9;1.14858257486
;4.51e+05;1.02;97.3;0;2.51;0;0;0;0;0;0;0;0;0;0.78;0.989;3.56e+05;1.56;39;0.789;0.709;470;0.00132;0.5;203;0.000569;1.58;39.4;843;133;5.7e+04;152;1.38840923806
;4.69e+05;1.02;99.9;0;0.125;0;0;0;0;0;0;0;0;0;1.18;1.01;5.46e+05;2.36;59.1;1.17;0.645;231;0.000422;0.408;128;0.000235;2.33;58.3;924;65.6;5.78e+04;105;1.40190039706
;2.05e+05;1;54.8;0;43.6;0;0;0;0;0;0;0;0;0;0.738;0.55;2.75e+05;1.48;36.9;1.34;0.651;227;0.000823;0.646;73.1;0.000265;2.69;67.1;562;55.3;4.67e+04;57.1;1.13582253253
;4.85e+05;1.01;99.8;0;0.193;0;0;0;0;0;0;0;0;0;1.15;1;5.55e+05;2.3;57.4;1.14;0.686;257;0.000464;0.464;128;0.000231;2.29;57.2;932;75;6.04e+04;111;1.46874976494
;6.92e+05;1.01;92.8;0;7.24;0;0;0;0;0;0;0;0;0;1.25;0.933;9.27e+05;2.5;62.5;1.34;0.625;306;0.00033;0.651;102;0.00011;2.68;67;1.43e+03;81;9.27e+04;94.9;2.24282521553
;2.51e+05;1;63.6;0;35.2;0;0;0;0;0;0;0;0;0;0.751;0.639;2.95e+05;1.5;37.5;1.18;0.628;239;0.000811;0.418;128;0.000436;2.35;58.8;640;65.8;4.9e+04;101;1.20442085704
;4.73e+05;1.01;99.6;0;0.4;0;0;0;0;0;0;0;0;0;1.17;1.01;5.46e+05;2.33;58.4;1.15;0.681;292;0.000534;0.557;119;0.000217;2.31;57.7;938;80.4;5.85e+04;102;1.41881027264
;4.56e+05;1;99.8;0;0.177;0;0;0;0;0;0;0;0;0;1.25;1;5.7e+05;2.5;62.6;1.25;0.666;191;0.000335;0.494;93.1;0.000163;2.5;62.5;874;51.5;5.69e+04;72;1.37941996985
;4.68e+05;1.01;97;0;2.96;0;0;0;0;0;0;0;0;0;1.02;0.985;4.87e+05;2.05;51.2;1.04;0.65;307;0.00063;0.506;140;0.000287;2.08;52;919;84.6;5.95e+04;146;1.44254627448
;4.63e+05;1.01;99.8;0;0.163;0;0;0;0;0;0;0;0;0;1.14;1.01;5.22e+05;2.28;56.9;1.13;0.653;267;0.000511;0.447;138;0.000264;2.26;56.4;907;71.4;5.73e+04;106;1.39130315917

num-600000;7.91e+05;1.01;92.9;0;7.01;0;0;0;0;0;0;0;0;0;1.2;0.939;1.01e+06;2.39;59.8;1.27;0.7;483;0.00048;0.626;170;0.000168;2.55;63.7;1.65e+03;126;1.05e+05;134;1.39713007055
;8.83e+05;1.01;99.6;0;0.351;0;0;0;0;0;0;0;0;0;1.11;1;9.79e+05;2.23;55.7;1.11;0.684;571;0.000583;0.518;254;0.00026;2.22;55.5;1.71e+03;162;1.1e+05;218;1.45806738392
;8.67e+05;1.01;99.7;0;0.327;0;0;0;0;0;0;0;0;0;1.31;1.01;1.13e+06;2.63;65.7;1.3;0.683;334;0.000296;0.588;134;0.000118;2.6;65.1;1.72e+03;87.8;1.07e+05;98.7;1.42370350559
;8.53e+05;1.01;96.5;0;3.51;0;0;0;0;0;0;0;0;0;1.21;0.973;1.06e+06;2.41;60.3;1.24;0.709;558;0.000528;0.629;193;0.000183;2.48;61.9;1.73e+03;147;1.1e+05;150;1.45378583462
;8.83e+05;1.01;99.8;0;0.222;0;0;0;0;0;0;0;0;0;1.23;1.01;1.08e+06;2.46;61.6;1.22;0.657;467;0.000432;0.573;186;0.000172;2.45;61.2;1.72e+03;124;1.1e+05;156;1.45312726689
;8.95e+05;1.01;99.6;0;0.367;0;0;0;0;0;0;0;0;0;1.11;1.01;9.87e+05;2.22;55.6;1.1;0.65;512;0.000519;0.465;254;0.000257;2.2;55.1;1.74e+03;147;1.11e+05;245;1.46992778845
;9.04e+05;1.01;99.8;0;0.199;0;0;0;0;0;0;0;0;0;1.22;1.01;1.1e+06;2.44;61;1.21;0.661;378;0.000344;0.428;205;0.000186;2.43;60.7;1.76e+03;109;1.12e+05;179;1.4912485683
;9.13e+05;1.01;99.8;0;0.222;0;0;0;0;0;0;0;0;0;1.22;1;1.11e+06;2.45;61.1;1.22;0.677;468;0.000421;0.524;210;0.000189;2.43;60.9;1.77e+03;127;1.14e+05;163;1.50532958369
;4.62e+05;1;64.3;0;33.7;0;0;0;0;0;0;0;0;0;0.824;0.645;5.91e+05;1.65;41.2;1.28;0.7;489;0.000827;0.61;176;0.000297;2.55;63.9;1.19e+03;126;8.96e+04;141;1.19773749711
;8.71e+05;1.01;98.4;0;1.64;0;0;0;0;0;0;0;0;0;1.01;0.994;8.83e+05;2.02;50.4;1.01;0.687;634;0.000717;0.518;278;0.000315;2.03;50.7;1.68e+03;182;1.1e+05;267;1.45294228427
;8.71e+05;1.01;97.4;0;2.54;0;0;0;0;0;0;0;0;0;0.892;0.981;7.92e+05;1.78;44.6;0.91;0.697;814;0.00103;0.498;368;0.000465;1.82;45.5;1.63e+03;226;1.11e+05;280;1.46982079829
;8.15e+05;1.01;93.5;0;6.33;0;0;0;0;0;0;0;0;0;0.786;0.945;6.77e+05;1.57;39.3;0.831;0.707;803;0.00119;0.485;363;0.000536;1.66;41.6;1.56e+03;233;1.08e+05;290;1.42752710529
;7.17e+05;1.01;87.4;0;12.5;0;0;0;0;0;0;0;0;0;0.965;0.883;7.84e+05;1.93;48.2;1.09;0.707;602;0.000768;0.535;253;0.000323;2.19;54.6;1.51e+03;173;1.02e+05;217;1.34682247747
;6.17e+05;1.01;82.5;0;17.4;0;0;0;0;0;0;0;0;0;1.12;0.836;8.27e+05;2.24;56;1.34;0.698;394;0.000477;0.583;153;0.000185;2.68;67;1.41e+03;110;9.23e+04;122;1.2266182057
;5.71e+05;1.01;78.1;0;21.5;0;0;0;0;0;0;0;0;0;0.892;0.79;6.45e+05;1.78;44.6;1.13;0.659;292;0.000454;0.277;188;0.000292;2.26;56.4;1.3e+03;98.8;9.03e+04;227;1.20221273892
;8.66e+05;1.01;99.4;0;0.563;0;0;0;0;0;0;0;0;0;1.21;1;1.04e+06;2.41;60.3;1.2;0.702;595;0.000571;0.611;207;0.000199;2.41;60.2;1.7e+03;164;1.08e+05;140;1.43224643533
;8.82e+05;1.02;99.7;0;0.327;0;0;0;0;0;0;0;0;0;1.12;1.02;9.73e+05;2.25;56.2;1.1;0.696;657;0.000676;0.546;267;0.000274;2.21;55.2;1.77e+03;184;1.08e+05;193;1.43286392518
;8.96e+05;1.01;99.7;0;0.348;0;0;0;0;0;0;0;0;0;1.25;1.01;1.11e+06;2.5;62.4;1.24;0.688;573;0.000517;0.632;191;0.000172;2.47;61.8;1.79e+03;137;1.11e+05;123;1.46985821511
;9.25e+05;1.01;99.7;0;0.291;0;0;0;0;0;0;0;0;0;1.17;1.01;1.08e+06;2.34;58.5;1.16;0.681;534;0.000496;0.543;226;0.00021;2.33;58.2;1.82e+03;152;1.15e+05;197;1.52326659319
;5.32e+05;1.01;72.6;0;27.3;0;0;0;0;0;0;0;0;0;0.735;0.731;5.35e+05;1.47;36.7;1;0.661;407;0.000761;0.354;238;0.000444;2.01;50.2;1.22e+03;122;9.1e+04;239;1.21377832905

num-900000;1.33e+06;1.01;99;0;1.03;0;0;0;0;0;0;0;0;0;1.07;0.999;1.42e+06;2.13;53.4;1.07;0.706;1.1e+03;0.00077;0.553;432;0.000304;2.14;53.4;2.58e+03;298;1.67e+05;307;1.50981831689
;1.3e+06;1.01;99.7;0;0.28;0;0;0;0;0;0;0;0;0;1.23;1.01;1.58e+06;2.45;61.3;1.22;0.66;554;0.00035;0.539;238;0.000151;2.44;60.9;2.53e+03;161;1.61e+05;256;1.45794208794
;1.34e+06;1.01;99.7;0;0.299;0;0;0;0;0;0;0;0;0;1.05;1.01;1.41e+06;2.11;52.7;1.05;0.768;589;0.000419;0.375;328;0.000233;2.1;52.4;2.61e+03;310;1.67e+05;385;1.51073752116
;9.6e+05;1.01;83.1;0;16.6;0;0;0;0;0;0;0;0;0;1.13;0.84;1.29e+06;2.26;56.5;1.35;0.686;634;0.000491;0.586;244;0.000189;2.69;67.3;2.18e+03;163;1.43e+05;188;1.29221693734
;1.33e+06;1.01;100;0;0.0373;0;0;0;0;0;0;0;0;0;1.08;1.01;1.43e+06;2.17;54.2;1.07;0.714;568;0.000397;0.4;317;0.000222;2.15;53.7;2.58e+03;214;1.65e+05;371;1.49326772448
;1.3e+06;1.01;99.8;0;0.204;0;0;0;0;0;0;0;0;0;1.23;1.01;1.58e+06;2.45;61.3;1.22;0.696;361;0.000228;0.254;247;0.000156;2.44;60.9;2.53e+03;130;1.61e+05;291;1.46026065136
;1.1e+06;1.01;93;0;6.94;0;0;0;0;0;0;0;0;0;1.28;0.941;1.49e+06;2.55;63.8;1.36;0.679;359;0.000241;0.574;148;9.97e-05;2.71;67.9;2.28e+03;103;1.46e+05;134;1.31803187077
;1.32e+06;1.01;99.6;0;0.38;0;0;0;0;0;0;0;0;0;1.2;1;1.57e+06;2.4;60;1.19;0.839;776;0.000493;0.582;274;0.000174;2.39;59.7;2.58e+03;200;1.64e+05;219;1.48367399704
;1.01e+06;1.01;86.6;0;13;0;0;0;0;0;0;0;0;0;1.02;0.877;1.18e+06;2.04;51.1;1.17;0.876;512;0.000436;0.409;278;0.000236;2.33;58.3;2.11e+03;169;1.44e+05;288;1.30732651385
;1.32e+06;1.01;99.7;0;0.274;0;0;0;0;0;0;0;0;0;1.12;1.01;1.46e+06;2.23;55.8;1.11;0.674;821;0.000561;0.478;399;0.000273;2.22;55.4;2.55e+03;224;1.64e+05;313;1.48239072554
;6.7e+05;1.01;65.4;0;34.1;0;0;0;0;0;0;0;0;0;0.914;0.658;9.31e+05;1.83;45.7;1.39;0.691;266;0.000286;0.281;166;0.000179;2.78;69.4;1.76e+03;106;1.27e+05;243;1.15501025149
;9.07e+05;1.01;78;0;21.3;0;0;0;0;0;0;0;0;0;1.16;0.788;1.33e+06;2.32;57.9;1.47;0.771;369;0.000277;0.456;163;0.000122;2.94;73.5;2.14e+03;140;1.44e+05;211;1.3065607347
;1.33e+06;1.01;99.9;0;0.146;0;0;0;0;0;0;0;0;0;1.16;1.01;1.53e+06;2.31;57.9;1.15;0.727;461;0.000302;0.29;278;0.000182;2.3;57.4;2.59e+03;172;1.65e+05;325;1.49247845129
;1.47e+06;1.01;99.6;0;0.435;0;0;0;0;0;0;0;0;0;1.13;1;1.65e+06;2.25;56.3;1.12;0.682;1.12e+03;0.000681;0.556;448;0.000271;2.25;56.1;2.84e+03;304;1.84e+05;311;1.65998001326
;1.25e+06;1.02;97.3;0;2.66;0;0;0;0;0;0;0;0;0;1.06;0.994;1.34e+06;2.12;53.1;1.07;0.647;790;0.000592;0.47;387;0.000289;2.14;53.4;2.51e+03;225;1.57e+05;384;1.42301577776
;1.31e+06;1.01;99.7;0;0.297;0;0;0;0;0;0;0;0;0;1.24;1.01;1.61e+06;2.47;61.9;1.23;0.654;628;0.00039;0.59;243;0.00015;2.46;61.5;2.56e+03;167;1.63e+05;229;1.47370466318
;7.66e+05;1.01;73.7;0;26;0;0;0;0;0;0;0;0;0;1.16;0.743;1.2e+06;2.32;58;1.56;0.699;280;0.000234;0.352;154;0.000129;3.12;78.1;1.95e+03;90.1;1.29e+05;155;1.16921579547
;1.31e+06;1.01;99.8;0;0.199;0;0;0;0;0;0;0;0;0;1.21;1.01;1.57e+06;2.42;60.4;1.2;0.728;438;0.00028;0.284;282;0.00018;2.4;60;2.58e+03;158;1.62e+05;304;1.4661699804
;8.16e+05;1.01;77.3;0;22.2;0;0;0;0;0;0;0;0;0;1.06;0.78;1.1e+06;2.11;52.8;1.35;0.7;251;0.000227;0.311;150;0.000136;2.71;67.7;1.91e+03;100;1.31e+05;233;1.18475895446
;1.16e+06;1.01;94.9;0;5.12;0;0;0;0;0;0;0;0;0;1.29;0.959;1.56e+06;2.58;64.4;1.34;0.762;266;0.000171;0.373;162;0.000104;2.69;67.2;2.39e+03;95.4;1.51e+05;163;1.3662055567

num-400000;6.04e+05;1.01;99;0;0.915;0;0;0;0;0;0;0;0;0;1.02;1;6.13e+05;2.04;50.9;1.02;0.733;360;0.000588;0.334;201;0.000329;2.03;50.8;1.18e+03;125;7.53e+04;192;1.47037263347
;2.58e+05;1.02;55.4;0;39.3;0;0;0;0;0;0;0;0;0;0.819;0.563;3.76e+05;1.64;40.9;1.45;0.724;187;0.000498;0.406;91.1;0.000242;2.91;72.7;776;61.8;5.74e+04;94.3;1.1320131324
;4.78e+05;1.01;91.2;0;8.76;0;0;0;0;0;0;0;0;0;1.17;0.922;6.07e+05;2.34;58.6;1.27;0.704;174;0.000287;0.522;75.8;0.000125;2.54;63.5;1.01e+03;52.2;6.48e+04;115;1.27381334772
;2.32e+05;1.02;51.9;0;46.5;0;0;0;0;0;0;0;0;0;1.01;0.529;4.44e+05;2.02;50.6;1.91;0.713;72.4;0.000163;0.319;46.4;0.000105;3.83;95.7;783;31.4;5.48e+04;59.3;1.06985421325
;6.01e+05;1.01;99.8;0;0.189;0;0;0;0;0;0;0;0;0;1.21;1;7.22e+05;2.41;60.3;1.2;0.697;150;0.000208;0.267;97.9;0.000136;2.4;60;1.18e+03;61.6;7.48e+04;140;1.45689974759
;4.51e+05;1.01;87.1;0;12.7;0;0;0;0;0;0;0;0;0;1.2;0.878;6.18e+05;2.41;60.1;1.37;0.757;145;0.000235;0.425;72.6;0.000117;2.74;68.5;992;50.3;6.42e+04;81.6;1.26404697233
;5.97e+05;1.02;99.8;0;0.159;0;0;0;0;0;0;0;0;0;1.24;1.01;7.31e+05;2.48;62.1;1.23;0.765;276;0.000377;0.497;104;0.000142;2.45;61.3;1.2e+03;90.5;7.36e+04;105;1.43326671414
;5.93e+05;1.01;99.3;0;0.694;0;0;0;0;0;0;0;0;0;1.32;1.01;7.76e+05;2.63;65.9;1.31;0.752;133;0.000171;0.433;60.2;7.75e-05;2.62;65.5;1.18e+03;54;7.37e+04;76.6;1.43593577593
;4.09e+05;1.01;80.1;0;19.2;0;0;0;0;0;0;0;0;0;0.891;0.81;4.5e+05;1.78;44.6;1.1;0.694;210;0.000467;0.251;135;0.000299;2.2;55;908;74.7;6.31e+04;160;1.23331590854
;3.29e+05;1.01;65.6;0;33.7;0;0;0;0;0;0;0;0;0;0.971;0.665;4.8e+05;1.94;48.6;1.46;0.695;144;0.0003;0.295;89.5;0.000186;2.92;73;892;53;6.18e+04;114;1.2094595283
;4.57e+05;1.01;84.5;0;14.2;0;0;0;0;0;0;0;0;0;0.834;0.853;4.47e+05;1.67;41.7;0.977;0.738;469;0.00105;0.54;150;0.000336;1.95;48.9;973;134;6.7e+04;143;1.31274538363
;2.86e+05;1.02;61.1;0;38.4;0;0;0;0;0;0;0;0;0;0.788;0.621;3.63e+05;1.58;39.4;1.27;0.724;201;0.000554;0.282;127;0.000349;2.54;63.5;789;68.7;5.75e+04;124;1.12918921943
;2.98e+05;1;63.5;0;35.5;0;0;0;0;0;0;0;0;0;0.777;0.638;3.63e+05;1.55;38.9;1.22;0.731;217;0.000597;0.298;132;0.000363;2.44;60.9;776;74.8;5.84e+04;127;1.14514842178
;5.1e+05;1.01;90.7;0;9.07;0;0;0;0;0;0;0;0;0;1.04;0.914;5.81e+05;2.08;52.1;1.14;0.738;266;0.000458;0.331;150;0.000258;2.28;57;1.05e+03;83.9;6.97e+04;144;1.3663495207
;6.41e+05;1.01;99.9;0;0.147;0;0;0;0;0;0;0;0;0;1.17;1.01;7.4e+05;2.33;58.4;1.16;0.737;280;0.000378;0.35;153;0.000206;2.31;57.8;1.26e+03;100;7.93e+04;148;1.54178793028
;6.23e+05;1;99.5;0;0.453;0;0;0;0;0;0;0;0;0;1.34;1;8.34e+05;2.68;66.9;1.34;0.704;112;0.000134;0.321;73;8.75e-05;2.68;66.9;1.22e+03;41.9;7.78e+04;72.9;1.51527279358
;5.59e+05;1.01;97.3;0;2.67;0;0;0;0;0;0;0;0;0;1.15;0.981;6.54e+05;2.3;57.4;1.17;0.778;211;0.000323;0.35;125;0.000191;2.34;58.5;1.1e+03;81.6;7.12e+04;136;1.39262515526
;6.42e+05;1;99.3;0;0.707;0;0;0;0;0;0;0;0;0;1.11;0.997;7.13e+05;2.21;55.3;1.11;0.73;355;0.000498;0.391;170;0.000239;2.22;55.5;1.25e+03;121;8.06e+04;166;1.58037320724
;5.88e+05;1.01;99.8;0;0.191;0;0;0;0;0;0;0;0;0;1.32;1.01;7.69e+05;2.63;65.8;1.31;0.756;145;0.000188;0.417;74.1;9.63e-05;2.62;65.4;1.17e+03;55.9;7.31e+04;82.2;1.42171542413
;5.94e+05;1.01;99.2;0;0.791;0;0;0;0;0;0;0;0;0;1.13;0.998;6.72e+05;2.26;56.5;1.13;0.751;313;0.000466;0.406;150;0.000223;2.26;56.6;1.16e+03;102;7.43e+04;147;1.44781352415

num-700000;9.3e+05;1.01;92;0;7.58;0;0;0;0;0;0;0;0;0;0.792;0.927;7.95e+05;1.58;39.6;0.855;0.752;826;0.00104;0.465;317;0.000399;1.71;42.7;1.81e+03;270;1.25e+05;316;1.44758650512
;9.74e+05;1.01;95.8;0;4.2;0;0;0;0;0;0;0;0;0;0.906;0.969;9.11e+05;1.81;45.3;0.935;0.74;667;0.000733;0.333;359;0.000394;1.87;46.8;1.9e+03;217;1.26e+05;339;1.45784269891
;1.03e+06;1.01;99.8;0;0.165;0;0;0;0;0;0;0;0;0;1.16;1.01;1.19e+06;2.33;58.2;1.16;0.758;413;0.000348;0.337;241;0.000203;2.32;57.9;1.99e+03;143;1.27e+05;234;1.47067695297
;7.18e+05;1.01;83;0;16.8;0;0;0;0;0;0;0;0;0;1.2;0.84;1.03e+06;2.4;60.1;1.43;0.758;199;0.000193;0.391;113;0.00011;2.86;71.6;1.63e+03;66.5;1.07e+05;116;1.24724083066
;9.8e+05;1.01;96.9;0;3.06;0;0;0;0;0;0;0;0;0;1.03;0.978;1.03e+06;2.06;51.4;1.05;0.736;489;0.000475;0.319;278;0.00027;2.1;52.6;1.93e+03;179;1.25e+05;320;1.44945192794
;9.86e+05;1.01;96.1;0;3.86;0;0;0;0;0;0;0;0;0;1.07;0.97;1.09e+06;2.14;53.5;1.1;0.75;575;0.000528;0.371;289;0.000266;2.21;55.2;1.98e+03;197;1.27e+05;279;1.46779221537
;1.06e+06;1.01;99.8;0;0.196;0;0;0;0;0;0;0;0;0;1.11;1.01;1.17e+06;2.22;55.5;1.1;0.692;473;0.000404;0.257;313;0.000268;2.21;55.1;2.06e+03;153;1.32e+05;301;1.51890366112
;1.02e+06;1.01;99.9;0;0.112;0;0;0;0;0;0;0;0;0;1.21;1.01;1.22e+06;2.41;60.4;1.2;0.715;311;0.000255;0.281;206;0.000169;2.39;59.8;1.98e+03;108;1.26e+05;214;1.4597357022
;1.04e+06;1.01;99.8;0;0.162;0;0;0;0;0;0;0;0;0;1.21;1.01;1.25e+06;2.42;60.6;1.2;0.701;289;0.000231;0.263;193;0.000154;2.41;60.1;2.04e+03;111;1.29e+05;243;1.49074999839
;1.03e+06;1.03;99.8;0;0.2;0;0;0;0;0;0;0;0;0;1.21;1.02;1.21e+06;2.42;60.6;1.18;0.722;359;0.000296;0.295;232;0.000192;2.37;59.2;2.09e+03;129;1.25e+05;239;1.44397996728
;6.36e+05;1.01;77.4;0;22;0;0;0;0;0;0;0;0;0;1.21;0.781;9.83e+05;2.41;60.4;1.54;0.738;111;0.000113;0.358;65.8;6.69e-05;3.09;77.2;1.53e+03;51.6;1.02e+05;94.4;1.18526360057
;5.77e+05;1.01;69.9;0;29.7;0;0;0;0;0;0;0;0;0;0.781;0.705;6.39e+05;1.56;39;1.11;0.731;449;0.000702;0.327;245;0.000384;2.22;55.4;1.41e+03;152;1.02e+05;237;1.18552813596
;1.07e+06;1.01;99.3;0;0.693;0;0;0;0;0;0;0;0;0;1.25;1;1.34e+06;2.51;62.7;1.25;0.676;251;0.000188;0.285;158;0.000119;2.5;62.6;2.11e+03;101;1.33e+05;222;1.5367615896
;7.75e+05;1.01;87.3;0;12.5;0;0;0;0;0;0;0;0;0;1.08;0.883;9.47e+05;2.16;54;1.22;0.718;363;0.000384;0.311;216;0.000228;2.44;61.1;1.68e+03;126;1.1e+05;215;1.27396982858
;5.4e+05;1.01;66.6;0;30.1;0;0;0;0;0;0;0;0;0;0.828;0.673;6.65e+05;1.66;41.4;1.23;0.761;429;0.000646;0.463;173;0.00026;2.46;61.5;1.38e+03;153;1e+05;192;1.16411968239
;1.03e+06;1.01;99.8;0;0.183;0;0;0;0;0;0;0;0;0;1.26;1.01;1.29e+06;2.52;63;1.25;0.759;302;0.000235;0.364;167;0.00013;2.49;62.4;2.05e+03;107;1.28e+05;190;1.47610979909
;4.12e+05;1.01;54.2;0;44.8;0;0;0;0;0;0;0;0;0;1.01;0.546;7.63e+05;2.02;50.6;1.85;0.697;157;0.000206;0.294;106;0.000139;3.71;92.6;1.3e+03;54.8;9.43e+04;104;1.09728375421
;7.51e+05;1.01;82.7;0;16.9;0;0;0;0;0;0;0;0;0;0.864;0.832;7.8e+05;1.73;43.2;1.04;0.718;404;0.000518;0.278;246;0.000316;2.08;51.9;1.58e+03;146;1.13e+05;295;1.30728761202
;1.04e+06;1.01;99.8;0;0.182;0;0;0;0;0;0;0;0;0;1.23;1.01;1.27e+06;2.46;61.6;1.22;0.761;351;0.000276;0.391;173;0.000136;2.45;61.2;2.05e+03;140;1.29e+05;210;1.48766509519
;9.51e+05;1.01;96;0;3.99;0;0;0;0;0;0;0;0;0;1.28;0.971;1.25e+06;2.55;63.8;1.31;0.761;253;0.000202;0.385;142;0.000113;2.63;65.7;1.94e+03;89.6;1.22e+05;143;1.41723721366

num-200000;3.19e+05;1;99.8;0;0.17;0;0;0;0;0;0;0;0;0;1.27;1;4.06e+05;2.55;63.7;1.27;0.673;68.9;0.00017;0.244;47.6;0.000117;2.54;63.6;620;28.2;3.98e+04;57.6;1.43298065023
;3.22e+05;1.01;99.9;0;0.119;0;0;0;0;0;0;0;0;0;1.16;1.01;3.7e+05;2.33;58.1;1.15;0.715;119;0.000321;0.3;76.4;0.000206;2.3;57.5;626;40.7;3.98e+04;77.4;1.42497722591
;3.19e+05;1.01;99.8;0;0.185;0;0;0;0;0;0;0;0;0;1.15;1.01;3.63e+05;2.29;57.4;1.14;0.735;137;0.000378;0.342;73.9;0.000204;2.27;56.8;629;49;3.95e+04;81.8;1.43116595596
;2.85e+05;1.02;81.5;0;18.3;0;0;0;0;0;0;0;0;0;0.731;0.827;2.52e+05;1.46;36.5;0.884;0.728;211;0.000838;0.333;113;0.000448;1.77;44.2;618;72;4.31e+04;125;1.56103054667
;3.47e+05;1;99.9;0;0.138;0;0;0;0;0;0;0;0;0;1.17;1;4.03e+05;2.33;58.3;1.16;0.714;121;0.000301;0.252;84.9;0.000211;2.32;58.1;660;41.6;4.33e+04;82.8;1.54467089202
;3.18e+05;1.01;99.8;0;0.151;0;0;0;0;0;0;0;0;0;1.25;1;3.96e+05;2.5;62.6;1.25;0.724;64.2;0.000162;0.303;40.3;0.000102;2.49;62.3;616;27.4;3.96e+04;62.2;1.41804842224
;3.19e+05;1.01;99.9;0;0.135;0;0;0;0;0;0;0;0;0;1.37;1.01;4.33e+05;2.75;68.7;1.36;0.731;35.8;8.26e-05;0.362;21.4;4.95e-05;2.71;67.8;639;19.3;3.94e+04;30.2;1.41961699258
;2.83e+05;1.01;91.9;0;8.05;0;0;0;0;0;0;0;0;0;1.31;0.93;3.97e+05;2.61;65.3;1.4;0.695;55.8;0.00014;0.326;35.6;8.96e-05;2.81;70.2;607;22.5;3.8e+04;39;1.37024684224
;3.2e+05;1;99.8;0;0.249;0;0;0;0;0;0;0;0;0;1.12;1;3.56e+05;2.23;55.8;1.11;0.687;147;0.000413;0.266;95.4;0.000268;2.23;55.7;617;49.8;3.99e+04;92.6;1.43869925591
;2.01e+05;1.01;76.7;0;23.1;0;0;0;0;0;0;0;0;0;1.02;0.774;2.66e+05;2.04;51.1;1.32;0.7;68.5;0.000258;0.24;46.9;0.000176;2.64;66;471;26.6;3.25e+04;57.6;1.16946335125
;2.67e+05;1.01;89.8;0;10.2;0;0;0;0;0;0;0;0;0;1.1;0.903;3.25e+05;2.2;55;1.22;0.743;128;0.000393;0.318;70.6;0.000217;2.44;60.9;567;43.6;3.7e+04;75.8;1.33921643526
;3.27e+05;1.02;99.9;0;0.106;0;0;0;0;0;0;0;0;0;1.21;1.01;3.89e+05;2.41;60.3;1.19;0.729;195;0.000501;0.551;61.4;0.000158;2.38;59.5;664;58.2;4.04e+04;62.3;1.44362354284
;1.63e+05;1.01;64.2;0;35.4;0;0;0;0;0;0;0;0;0;1.13;0.65;2.81e+05;2.25;56.3;1.73;0.696;44.1;0.000157;0.335;27.9;9.91e-05;3.46;86.5;459;17;3.13e+04;30;1.14815274802
;3.37e+05;1.01;98.5;0;1.49;0;0;0;0;0;0;0;0;0;1.12;0.993;3.81e+05;2.24;56.1;1.13;0.71;110;0.000289;0.29;67.3;0.000177;2.26;56.5;658;41.9;4.25e+04;102;1.52667207747
;1.66e+05;1.01;65.7;0;34.2;0;0;0;0;0;0;0;0;0;0.94;0.661;2.36e+05;1.88;47;1.42;0.709;69.1;0.000293;0.275;42.4;0.00018;2.84;71.1;439;27.8;3.14e+04;60.1;1.1530172235
;1.99e+05;1.01;77.4;0;22.3;0;0;0;0;0;0;0;0;0;1.24;0.783;3.16e+05;2.48;62.1;1.59;0.714;40.8;0.000129;0.343;22.7;7.16e-05;3.17;79.3;490;17.3;3.18e+04;30.1;1.18070723015
;3.15e+05;1.01;99.8;0;0.171;0;0;0;0;0;0;0;0;0;1.3;1.01;4.04e+05;2.6;65;1.28;0.696;55.6;0.000138;0.326;32.9;8.14e-05;2.57;64.2;630;26.4;3.89e+04;58.3;1.39553995912
;3.17e+05;1;96.3;0;3.58;0;0;0;0;0;0;0;0;0;1.1;0.966;3.59e+05;2.19;54.8;1.13;0.739;197;0.000548;0.465;75.6;0.000211;2.27;56.7;630;67.2;4.1e+04;74.2;1.46704655033
;3.26e+05;1.02;98.9;0;1.15;0;0;0;0;0;0;0;0;0;1.18;1;3.85e+05;2.36;59.1;1.18;0.598;110;0.000286;0.199;76;0.000198;2.36;58.9;662;41.2;4.07e+04;97.1;1.46173907303
;3.25e+05;1;99.4;0;0.634;0;0;0;0;0;0;0;0;0;1.14;0.997;3.72e+05;2.28;57;1.14;0.66;121;0.000325;0.247;78.4;0.000211;2.29;57.2;634;44.6;4.08e+04;96.2;1.47088852302
