eyes-0-pyramid-18-selectivity-1,10567.0,1.048,1.0944,0.6246,18510.0,2.189,54.72,1.76,0.05327,96.77,0.005255,0.9998,0.023507,1.3088e-06,3.52,88.01,0.2939,2113.0,0.0164995,0.575785876966
eyes-0-pyramid-18-selectivity-1,12610.0,1.0307,1.362,0.7498,22870.0,2.723,68.12,1.82,0.7576,19.1,0.0008336,0.9981,0.035054,1.579e-06,3.639,91.0,0.3005,2100.0,0.0176624,0.745244094156
eyes-0-pyramid-18-selectivity-1,15210.0,0.9984,1.181,0.906,19800.0,2.357,58.97,1.302,0.6874,26.78,0.001349,0.9985,0.03118,1.5853e-06,2.605,65.11,0.2975,2100.0,0.019014,0.648178579296
eyes-0-pyramid-18-selectivity-1,14990.0,1.0049,0.8755,0.8915,14720.0,1.751,43.78,0.9849,0.1891,195.6,0.01327,1.0,0.037095,2.5039e-06,1.969,49.2,0.2954,2101.0,0.01865,0.679288539438
eyes-0-pyramid-18-selectivity-1,12640.0,1.0297,1.145,0.7475,19340.0,2.289,57.23,1.533,0.8214,17.2,0.0008873,0.9983,0.024092,1.2288e-06,3.065,76.63,0.2946,2112.0,0.015764,0.661560130425
eyes-0-pyramid-18-selectivity-0,11038.0,0.9857,0.931,0.6559,15660.0,1.861,46.56,1.433,0.2817,79.29,0.005084,0.9939,0.4712,2.998e-05,2.867,71.69,0.7857,2100.0,0.14017,1.88117111691
eyes-0-pyramid-18-selectivity-0,12380.0,1.0008,1.1291,0.7377,18990.0,2.261,56.5,1.532,0.1763,73.85,0.003886,0.9997,0.029409,1.5406e-06,3.062,76.55,0.2937,2100.0,0.0180636,2.25461420063
eyes-0-pyramid-18-selectivity-0,10113.0,1.0162,0.9,0.6001,15170.0,1.8,45.03,1.505,0.07348,97.61,0.006444,0.9997,0.030148,2.0048e-06,3.01,75.23,0.2967,2107.0,0.019609,2.10949194819
eyes-0-pyramid-18-selectivity-0,14840.0,1.0301,1.209,0.8785,20400.0,2.416,60.4,1.377,0.11216,228.7,0.01121,1.0,0.022414,1.0933e-06,2.754,68.83,0.2916,2110.0,0.0097494,2.20175320764
eyes-0-pyramid-18-selectivity-0,15450.0,0.9745,1.155,0.9187,19420.0,2.31,57.73,1.258,0.1318,155.6,0.008006,1.0,0.02468,1.269e-06,2.513,62.83,0.2913,2101.0,0.014974,2.13383426719
eyes-0-pyramid-18-selectivity-2,11378.0,1.0338,1.0041,0.6777,16860.0,2.007,50.17,1.492,0.7138,30.69,0.001812,0.9825,0.4938,2.923e-05,2.984,74.57,0.8423,2100.0,0.14902,2.01706592142
eyes-0-pyramid-18-selectivity-2,14440.0,1.0044,0.9681,0.8581,16270.0,1.936,48.41,1.128,0.148,203.7,0.012456,1.0,0.028664,1.7657e-06,2.259,56.45,0.2929,2103.0,0.0148304,2.28890843263
eyes-0-pyramid-18-selectivity-2,14580.0,1.032,1.1092,0.8661,18650.0,2.219,55.44,1.28,0.03274,287.6,0.01552,0.9998,0.098475,5.7491e-06,2.563,64.09,0.3001,2104.0,0.0173063,2.27784839161
eyes-0-pyramid-18-selectivity-2,16560.0,0.9909,1.1712,0.984,19670.0,2.341,58.51,1.19,0.1275,181.9,0.009167,0.9998,0.035442,1.8269e-06,2.379,59.48,0.297,2101.0,0.017961,2.15930786356
eyes-0-pyramid-18-selectivity-2,10119.0,1.0407,0.945,0.6003,15940.0,1.891,47.27,1.574,0.0455,188.1,0.01183,1.0,0.025818,1.5985e-06,3.15,78.74,0.2912,2106.0,0.0170047,1.95796266575
eyes-1-pyramid-13-selectivity-1,8477.0,1.007,0.7163,0.5026,12080.0,1.433,35.81,1.425,0.05283,176.5,0.01462,0.9999,0.023255,1.9527e-06,2.851,71.31,0.292,2108.0,0.0110286,1.60886374001
eyes-1-pyramid-13-selectivity-1,10631.0,0.9808,1.0915,0.6266,18470.0,2.179,54.53,1.744,0.233,73.06,0.003956,0.9997,0.033409,1.8908e-06,3.485,87.13,0.3,2116.0,0.01882,2.22376010668
eyes-1-pyramid-13-selectivity-1,12780.0,1.0334,1.237,0.7607,20810.0,2.475,61.88,1.629,0.09233,92.38,0.004443,0.9995,0.06413,3.084e-06,3.256,81.4,0.3177,2100.0,0.025849,2.22773684378
eyes-1-pyramid-13-selectivity-1,13750.0,1.0118,0.9092,0.8139,15360.0,1.817,45.43,1.119,0.6847,67.99,0.004404,0.9922,0.4987,3.281e-05,2.236,55.93,0.856,2111.0,0.14749,2.17100865117
eyes-1-pyramid-13-selectivity-1,11630.0,0.9856,1.103,0.6924,18570.0,2.206,55.13,1.594,0.0797,58.63,0.003158,0.9996,0.024143,1.3113e-06,3.188,79.69,0.2933,2103.0,0.015864,2.40030002623
eyes-1-pyramid-13-selectivity-0,14240.0,0.9766,0.9637,0.8469,16180.0,1.927,48.19,1.14,0.1542,120.0,0.007417,0.9998,0.05428,3.39e-06,2.283,57.08,0.3119,2100.0,0.018423,2.21736234765
eyes-1-pyramid-13-selectivity-0,7585.0,1.0,0.7198,0.4506,12121.0,1.439,35.98,1.604,0.818,16.98,0.001404,0.9976,0.031017,2.6018e-06,3.205,80.12,0.2983,2103.0,0.0185664,1.55255025015
eyes-1-pyramid-13-selectivity-0,9952.0,0.9864,0.751,0.5898,12670.0,1.502,37.55,1.275,0.1972,201.0,0.01585,0.9999,0.05629,4.402e-06,2.547,63.72,0.3079,2108.0,0.022685,1.80981063761
eyes-1-pyramid-13-selectivity-0,17140.0,1.0299,1.1602,1.0164,19510.0,2.318,57.95,1.139,0.1372,160.5,0.008211,1.0,0.023542,1.2026e-06,2.276,56.9,0.2912,2102.0,0.0147365,2.05241713358
eyes-1-pyramid-13-selectivity-0,16930.0,1.0166,1.1465,1.0054,19270.0,2.292,57.31,1.137,0.6384,66.83,0.003415,0.9994,0.033837,1.8122e-06,2.275,56.86,0.2974,2102.0,0.01917,2.19940333938
eyes-1-pyramid-13-selectivity-2,12020.0,1.0163,1.1044,0.7149,18560.0,2.207,55.16,1.543,0.146,143.2,0.007752,0.9998,0.028252,1.549e-06,3.088,77.21,0.2936,2103.0,0.017814,2.81781007271
eyes-1-pyramid-13-selectivity-2,11795.0,0.9876,0.8635,0.7012,14510.0,1.725,43.19,1.24,0.7794,50.8,0.003484,0.993,0.3478,2.3771e-05,2.474,61.89,0.6117,2100.0,0.09383,2.4551369164
eyes-1-pyramid-13-selectivity-2,8151.0,0.7988,0.8877,0.4839,14950.0,1.776,44.38,1.849,0.07092,78.23,0.005248,0.9997,0.024365,1.6181e-06,3.696,92.45,0.2923,2105.0,0.014391,2.15666171537
eyes-1-pyramid-13-selectivity-2,16700.0,1.0133,1.1655,0.9919,19600.0,2.329,58.23,1.174,0.1353,153.3,0.007764,1.0,0.022641,1.1433e-06,2.347,58.69,0.2908,2102.0,0.014596,2.31798088955
eyes-1-pyramid-13-selectivity-2,7489.5,0.902153846154,0.754184153846,0.44207,12764.9923077,1.50575230769,37.6784230769,1.48015384615,0.668384615385,13.9310538462,0.00183292307692,0.886461538462,0.145961538462,0.000538541538462,2.96207692308,74.0461538462,0.385846153846,2112.30769231,0.0394161538462,2.00490131808
eyes-1-pyramid-22-selectivity-1,15670.0,0.9387,1.0675,0.9296,17980.0,2.137,53.39,1.15,0.0631,175.2,0.009665,0.999,0.15233,8.448e-06,2.3,57.52,0.3636,2104.0,0.04229,2.3309873961
eyes-1-pyramid-22-selectivity-1,9035.55555556,1.02044444444,0.75,0.533111111111,12700.0,1.5,37.4777777778,1.41444444444,0.207777777778,85.8,0.00679555555556,0.993888888889,0.517444444444,3.94777777778e-05,2.83333333333,70.8333333333,0.800111111111,2117.77777778,0.205222222222,1.67431525309
eyes-1-pyramid-22-selectivity-1,14630.0,0.8743,1.0501,0.8659,17720.0,2.097,52.44,1.209,0.04842,155.3,0.008725,0.9999,0.022812,1.285e-06,2.424,60.56,0.2938,2112.0,0.012454,2.26508406992
eyes-1-pyramid-22-selectivity-1,16620.0,1.0257,1.0792,0.9874,18160.0,2.16,53.99,1.095,0.07498,185.7,0.010211,0.9999,0.036353,2.0428e-06,2.186,54.7,0.2983,2103.0,0.018266,2.25143307444
eyes-1-pyramid-22-selectivity-1,11222.0,1.0096,0.9352,0.6668,15750.0,1.871,46.76,1.41,0.2332,68.12,0.004324,0.9998,0.02846,1.8079e-06,2.817,70.48,0.2959,2105.0,0.015961,2.48811299995
eyes-1-pyramid-22-selectivity-0,15650.0,0.9329,1.0346,0.9264,17500.0,2.075,51.82,1.121,0.1487,129.5,0.007441,0.9999,0.029298,1.6582e-06,2.241,56.03,0.2947,2108.0,0.01724,1.93176700307
eyes-1-pyramid-22-selectivity-0,15450.0,1.0279,1.0112,0.9194,17000.0,2.022,50.54,1.102,0.04434,298.9,0.01758,1.0,0.033495,1.9503e-06,2.2,55.02,0.2955,2100.0,0.016007,2.45427328174
eyes-1-pyramid-22-selectivity-0,10682.0,0.8784,0.8381,0.6331,14140.0,1.676,41.92,1.325,0.7121,25.29,0.001792,0.9986,0.02909,1.9689e-06,2.653,66.29,0.2983,2110.0,0.013867,2.18575834841
eyes-1-pyramid-22-selectivity-0,14360.0,1.0058,0.8237,0.8527,13870.0,1.648,41.19,0.9683,0.2397,166.9,0.011993,0.996,0.6457,4.662e-05,1.937,48.43,0.8694,2104.0,0.2123,1.99132331333
eyes-1-pyramid-22-selectivity-0,9760.0,0.861,0.8395,0.5778,14180.0,1.679,41.96,1.463,0.09202,153.12,0.010839,0.9991,0.13156,9.22e-06,2.92,73.08,0.3672,2112.0,0.04038,2.28218498505
eyes-1-pyramid-22-selectivity-2,14730.0,0.8807,1.0619,0.8727,17920.0,2.124,53.11,1.216,0.7388,40.47,0.002258,0.9992,0.032598,1.8494e-06,2.431,60.75,0.2986,2106.0,0.018098,2.20732448499
eyes-1-pyramid-22-selectivity-2,5994.0,0.9741,0.6205,0.3566,10435.0,1.24,31.02,1.742,0.8824,5.286,0.0005065,0.9945,0.0307,3.0062e-06,3.482,87.05,0.2965,2100.0,0.01729,1.42627839367
eyes-1-pyramid-22-selectivity-2,11023.0,0.9346,1.0642,0.6536,17990.0,2.132,53.27,1.632,0.06649,83.04,0.004619,0.9998,0.028335,1.5835e-06,3.267,81.68,0.2943,2108.0,0.015723,2.58460705944
eyes-1-pyramid-22-selectivity-2,14180.0,0.8915,1.005,0.8442,16890.0,2.012,50.28,1.196,0.12394,167.1,0.009957,0.9999,0.036567,2.2032e-06,2.394,59.81,0.2968,2100.0,0.016013,2.2133450052
eyes-1-pyramid-22-selectivity-2,14460.0,0.9952,1.0726,0.8594,18040.0,2.141,53.55,1.246,0.07481,105.1,0.005839,0.9997,0.033098,1.861e-06,2.492,62.33,0.2977,2103.0,0.018149,2.25354556623
eyes-0-pyramid-7-selectivity-0,14670.0,1.0071,1.1403,0.8702,19200.0,2.278,56.95,1.308,0.06237,106.84,0.005583,0.9997,0.03092,1.6747e-06,2.615,65.35,0.2998,2108.0,0.018583,2.39801807108
eyes-0-pyramid-7-selectivity-0,11230.0,0.9279,1.0921,0.6662,18400.0,2.184,54.61,1.641,0.16314,70.27,0.003817,0.9998,0.021304,1.1161e-06,3.284,82.08,0.2908,2105.0,0.0151752,2.34187043654
eyes-0-pyramid-7-selectivity-0,10598.0,0.9951,0.9002,0.6311,15120.0,1.801,45.01,1.431,0.07766,95.61,0.006331,0.9997,0.025862,1.7554e-06,2.863,71.57,0.2938,2100.0,0.0118761,2.52987524824
eyes-0-pyramid-7-selectivity-0,9961.11111111,1.03722222222,0.776888888889,0.574888888889,13433.3333333,1.55333333333,38.8444444444,1.36222222222,0.292111111111,79.2444444444,0.00590888888889,0.992777777778,0.560222222222,4.13388888889e-05,2.72,68.0333333333,0.932777777778,2165.55555556,0.199822222222,1.76135262272
eyes-0-pyramid-7-selectivity-0,13633.3333333,0.826222222222,1.01788888889,0.807888888889,17166.6666667,2.03555555556,50.8666666667,1.25666666667,0.0494111111111,78.8444444444,0.00461111111111,0.999777777778,0.0237366666667,1.33522222222e-06,2.51666666667,62.9333333333,0.294,2107.77777778,0.0146287777778,2.68660210849
eyes-0-pyramid-7-selectivity-1,11640.0,0.9211,0.9048,0.6906,15270.0,1.809,45.23,1.312,0.6602,35.74,0.002338,0.9993,0.027615,1.8078e-06,2.625,65.6,0.2951,2108.0,0.0127874,2.29493173769
eyes-0-pyramid-7-selectivity-1,11406.0,0.9388,0.9581,0.6731,16190.0,1.914,47.87,1.43,0.6259,62.2,0.003835,0.9949,0.3131,1.9071e-05,2.861,71.5,0.5938,2112.0,0.11067,2.00140454629
eyes-0-pyramid-7-selectivity-1,11910.0,0.9921,0.9619,0.7092,16150.0,1.924,48.08,1.358,0.0795,191.6,0.01187,0.9989,0.16944,1.0585e-05,2.715,67.85,0.4052,2100.0,0.04329,2.13368792467
eyes-0-pyramid-7-selectivity-1,11955.5555556,1.00588888889,0.871111111111,0.707,14733.3333333,1.74333333333,43.5444444444,1.23555555556,0.730777777778,41.4111111111,0.00279666666667,0.996111111111,0.161688888889,1.09077777778e-05,2.47222222222,61.7888888889,0.408666666667,2113.33333333,0.0447111111111,2.12888928947
eyes-0-pyramid-7-selectivity-1,7435.0,0.8976,0.8598,0.4399,14530.0,1.72,43.0,1.956,0.8599,4.665,0.0003231,0.9951,0.024971,1.7595e-06,3.911,97.77,0.2951,2110.0,0.015472,1.42270260026
eyes-0-pyramid-7-selectivity-2,6998.0,0.76,0.5504,0.4152,9282.0,1.1009,27.51,1.331,0.3039,48.47,0.005235,0.9892,0.4926,5.285e-05,2.663,66.58,0.8138,2106.0,0.1833,2.33566237529
eyes-0-pyramid-7-selectivity-2,16910.0,1.0188,1.223,1.0052,20520.0,2.445,61.11,1.214,0.04603,181.0,0.008812,1.0,0.025946,1.2498e-06,2.43,60.74,0.2938,2100.0,0.016205,2.72240989133
eyes-0-pyramid-7-selectivity-2,8863.0,0.7512,0.672,0.5243,11360.0,1.344,33.62,1.283,0.05677,144.8,0.01283,0.9998,0.033033,2.9526e-06,2.564,64.1,0.2971,2113.0,0.018856,3.31759844129
eyes-0-pyramid-7-selectivity-2,10945.0,0.7521,0.7798,0.6479,13170.0,1.559,38.99,1.206,0.1742,124.11,0.009289,0.9998,0.04791,3.544e-06,2.413,60.3,0.3082,2109.0,0.013828,3.26868273212
eyes-0-pyramid-7-selectivity-2,7241.0,0.7513,0.5501,0.4293,9277.0,1.0998,27.49,1.282,0.05876,137.8,0.01487,0.9999,0.025717,2.759e-06,2.565,64.12,0.294,2108.0,0.014967,2.55801220026
eyes-2-pyramid-22-selectivity-0,6239.0,0.7596,0.6974,0.3687,11790.0,1.395,34.88,1.893,0.07147,77.31,0.006566,0.9994,0.05953,5.129e-06,3.784,94.63,0.3216,2117.0,0.027514,1.54409640878
eyes-2-pyramid-22-selectivity-0,7957.0,0.76,0.6191,0.4664,10566.0,1.237,30.94,1.327,0.7172,31.08,0.002944,0.999,0.03155,2.96e-06,2.659,66.44,0.3012,2131.0,0.018435,1.80538773782
eyes-2-pyramid-22-selectivity-0,10232.0,0.7521,0.8251,0.6091,13870.0,1.65,41.25,1.36,0.2781,51.37,0.003704,0.9926,0.3682,2.652e-05,2.721,68.0,0.7137,2100.0,0.12457,2.09056881057
eyes-2-pyramid-22-selectivity-0,11044.4444444,0.758777777778,0.635333333333,0.645,10888.8888889,1.27,31.7555555556,0.985222222222,0.0591666666667,219.0,0.0201444444444,1.0,0.03434,3.18511111111e-06,1.97111111111,49.2888888889,0.298111111111,2141.11111111,0.0148655555556,2.05205222184
eyes-2-pyramid-22-selectivity-0,9314.0,0.7564,0.5446,0.5527,9168.0,1.0908,27.22,0.9863,0.0514,214.8,0.02347,1.0,0.028081,3.0595e-06,1.971,49.3,0.2908,2105.0,0.0159836,2.1596563074
eyes-2-pyramid-22-selectivity-1,8949.0,0.7518,0.7657,0.53,12940.0,1.531,38.29,1.453,0.8173,15.917,0.0012188,0.9888,0.16337,1.2901e-05,2.905,72.61,0.3971,2111.0,0.04778,2.17013267623
eyes-2-pyramid-22-selectivity-1,11416.0,0.76,0.7501,0.6795,12600.0,1.5,37.49,1.107,0.0687,205.8,0.01632,0.9982,0.3999,3.16e-05,2.211,55.34,0.64,2100.0,0.12815,2.2221271704
eyes-2-pyramid-22-selectivity-1,8877.0,0.7554,0.8716,0.5263,14710.0,1.744,43.57,1.661,0.08009,71.15,0.004842,0.9997,0.027438,1.8858e-06,3.322,83.07,0.2958,2109.0,0.0137955,2.22308421916
eyes-2-pyramid-22-selectivity-1,12340.0,0.7577,0.8792,0.734,14760.0,1.758,43.95,1.199,0.1783,96.72,0.00648,0.9974,0.226,1.531e-05,2.399,59.95,0.4678,2100.0,0.08412,2.13276146871
eyes-2-pyramid-22-selectivity-1,11150.0,0.753,0.8492,0.6613,14290.0,1.698,42.46,1.285,0.1621,70.31,0.004936,0.9997,0.028754,2.0207e-06,2.57,64.24,0.2943,2104.0,0.0170885,2.10706274319
eyes-2-pyramid-22-selectivity-2,12070.0,0.7521,0.8254,0.7142,13930.0,1.651,41.26,1.157,0.05848,202.4,0.0145,0.9988,0.1835,1.3332e-05,2.312,57.82,0.3887,2111.0,0.04365,2.22235796972
eyes-2-pyramid-22-selectivity-2,7766.0,0.76,0.7138,0.4597,12070.0,1.427,35.69,1.553,0.3371,39.84,0.003322,0.9995,0.024557,2.0254e-06,3.104,77.62,0.2945,2112.0,0.013478,1.91188058867
eyes-2-pyramid-22-selectivity-2,11350.0,0.7515,0.8733,0.6753,14690.0,1.747,43.65,1.297,0.1556,94.34,0.006404,0.9998,0.023976,1.6238e-06,2.589,64.78,0.2917,2102.0,0.0154,2.10233085382
eyes-2-pyramid-22-selectivity-2,9570.0,0.7512,0.8607,0.5691,14480.0,1.72,43.06,1.529,0.2215,63.12,0.004357,0.9951,0.3032,2.0864e-05,3.061,76.5,0.5957,2103.0,0.09,2.07601771295
eyes-2-pyramid-22-selectivity-2,6434.0,0.7585,0.5373,0.3799,9103.0,1.076,26.88,1.416,0.08805,68.74,0.007566,0.9997,0.026344,2.9259e-06,2.832,70.81,0.296,2117.0,0.009632,1.58249779109
eyes-0-pyramid-16-selectivity-2,12550.0,0.7587,0.8881,0.7416,15010.0,1.776,44.42,1.199,0.1628,107.01,0.007128,0.9999,0.030342,2.0168e-06,2.395,59.88,0.2954,2112.0,0.017261,2.0537254708
eyes-0-pyramid-16-selectivity-2,12020.0,0.7528,0.8132,0.7137,13670.0,1.627,40.66,1.14,0.05973,145.2,0.01063,0.9998,0.037007,2.7138e-06,2.28,57.04,0.2976,2101.0,0.018418,2.04864413462
eyes-0-pyramid-16-selectivity-2,10384.0,0.7519,0.8204,0.6165,13820.0,1.64,41.0,1.331,0.2649,49.6,0.003588,0.9996,0.029731,2.2212e-06,2.661,66.52,0.2966,2103.0,0.01546,2.14839617571
eyes-0-pyramid-16-selectivity-2,7512.0,0.76,0.6785,0.4446,11470.0,1.356,33.92,1.532,0.2137,93.81,0.008177,0.9998,0.0445,3.853e-06,3.064,76.61,0.3084,2112.0,0.019536,1.94790901823
eyes-0-pyramid-16-selectivity-2,10786.0,0.7528,0.9446,0.6406,15880.0,1.887,47.17,1.478,0.02268,139.6,0.00884,0.9999,0.022555,1.423e-06,2.952,73.86,0.2906,2103.0,0.0090607,2.10392671152
eyes-0-pyramid-16-selectivity-1,11091.0,0.7531,0.8825,0.6598,14830.0,1.766,44.14,1.339,0.04004,145.4,0.009807,0.9999,0.02346,1.5818e-06,2.68,66.97,0.2898,2100.0,0.0153737,2.11114883109
eyes-0-pyramid-16-selectivity-1,11207.0,0.76,0.9609,0.6671,16150.0,1.92,48.06,1.447,0.714,19.12,0.001185,0.9786,0.3809,2.366e-05,2.896,72.41,0.6174,2100.0,0.13153,2.19381895557
eyes-0-pyramid-16-selectivity-1,11090.0,0.76,0.8925,0.6563,15050.0,1.785,44.62,1.361,0.7825,13.837,0.000921,0.985,0.186,1.2396e-05,2.722,68.08,0.4403,2112.0,0.0542,2.20949934403
eyes-0-pyramid-16-selectivity-1,11120.0,0.7527,0.863,0.6552,14640.0,1.726,43.16,1.319,0.7098,35.93,0.002457,0.9991,0.031981,2.253e-06,2.636,65.93,0.3003,2120.0,0.017834,2.15885558438
eyes-0-pyramid-16-selectivity-1,9309.0,0.7522,0.6315,0.5516,10652.0,1.263,31.57,1.148,0.7736,40.39,0.003775,0.9993,0.026947,2.5084e-06,2.292,57.35,0.2929,2108.0,0.011441,2.51000521066
eyes-0-pyramid-16-selectivity-0,7692.0,0.76,0.5288,0.4563,8913.0,1.0569,26.45,1.158,0.04794,196.3,0.02218,1.0,0.033605,3.7887e-06,2.318,57.94,0.2938,2107.0,0.016167,1.94928636404
eyes-0-pyramid-16-selectivity-0,10094.0,0.7524,0.7413,0.5992,12470.0,1.482,37.07,1.247,0.63,42.76,0.003427,0.9972,0.12223,9.819e-06,2.495,62.35,0.3701,2103.0,0.03997,2.19424101197
eyes-0-pyramid-16-selectivity-0,11610.0,0.7517,0.803,0.6911,13510.0,1.606,40.16,1.1678,0.12418,72.91,0.00535,0.9998,0.026037,1.9332e-06,2.337,58.39,0.2935,2102.0,0.0150871,1.99068052837
eyes-0-pyramid-16-selectivity-0,7012.0,0.7503,0.7056,0.4166,11860.0,1.412,35.27,1.697,0.07008,75.07,0.006323,0.9996,0.031277,2.7397e-06,3.39,84.78,0.2974,2103.0,0.011694,1.78652579731
eyes-0-pyramid-16-selectivity-0,9255.0,0.751,0.9935,0.5487,16740.0,1.986,49.65,1.811,0.144,60.67,0.003624,0.9996,0.032415,2.0091e-06,3.621,90.54,0.2993,2109.0,0.0171103,2.32929588845
eyes-0-pyramid-13-selectivity-2,7169.0,0.7522,0.5942,0.4255,10014.0,1.1875,29.7,1.397,0.7711,24.46,0.00244,0.9989,0.025968,2.622e-06,2.794,69.86,0.2935,2106.0,0.014684,1.93041561915
eyes-0-pyramid-13-selectivity-2,9253.0,0.7503,0.8379,0.5492,14110.0,1.675,41.91,1.545,0.3017,44.28,0.003144,0.9931,0.2938,2.1171e-05,3.095,77.34,0.5813,2105.0,0.0892,2.06368698535
eyes-0-pyramid-13-selectivity-2,10167.0,0.7528,0.8358,0.6021,14120.0,1.673,41.8,1.4,0.764,27.46,0.00195,0.996,0.10392,7.419e-06,2.8,69.99,0.3759,2111.0,0.03342,2.32409909572
eyes-0-pyramid-13-selectivity-2,9432.0,0.7542,0.8831,0.5597,14880.0,1.767,44.16,1.579,0.2158,98.8,0.006627,0.9996,0.05669,3.911e-06,3.157,78.93,0.3167,2106.0,0.024889,2.35826366896
eyes-0-pyramid-13-selectivity-2,12370.0,0.753,0.8459,0.7321,14290.0,1.693,42.29,1.156,0.2047,79.76,0.005514,0.9966,0.2439,1.713e-05,2.314,57.81,0.483,2110.0,0.09128,2.19901400709
eyes-0-pyramid-13-selectivity-0,10889.0,0.7515,0.6169,0.6462,10396.0,1.234,30.85,0.9554,0.06168,216.7,0.02088,1.0,0.029651,2.8067e-06,1.909,47.74,0.292,2107.0,0.009912,2.2240236476
eyes-0-pyramid-13-selectivity-0,12540.0,0.7512,0.8476,0.7454,14240.0,1.695,42.38,1.138,0.13082,115.52,0.008088,0.9998,0.027927,1.9649e-06,2.277,56.94,0.2919,2100.0,0.016696,2.19637854992
eyes-0-pyramid-13-selectivity-0,10960.0,0.7548,0.9473,0.6508,15930.0,1.895,47.35,1.457,0.7155,17.09,0.0010688,0.9979,0.025485,1.6153e-06,2.913,72.83,0.2939,2104.0,0.015027,2.13553432849
eyes-0-pyramid-13-selectivity-0,9168.0,0.7524,0.8271,0.5443,13940.0,1.655,41.34,1.523,0.2134,56.44,0.004062,0.9997,0.020098,1.4192e-06,3.041,76.07,0.2903,2105.0,0.0082042,2.30900311254
eyes-0-pyramid-13-selectivity-0,6374.0,0.76,0.7371,0.3778,12430.0,1.475,36.84,1.952,0.889,4.373,0.0003515,0.9946,0.025659,2.0636e-06,3.907,97.66,0.2946,2109.0,0.015841,1.64741058852
eyes-0-pyramid-13-selectivity-1,7294.0,0.7518,0.6187,0.4339,10395.0,1.238,30.93,1.427,0.8673,18.44,0.001769,0.9987,0.025925,2.4779e-06,2.852,71.33,0.2913,2100.0,0.01447,2.06159123928
eyes-0-pyramid-13-selectivity-1,10557.0,0.76,0.7134,0.6241,12040.0,1.427,35.66,1.148,0.06139,145.8,0.01209,0.9998,0.029511,2.4469e-06,2.294,57.36,0.2946,2114.0,0.015269,2.2421171691
eyes-0-pyramid-13-selectivity-1,11940.0,0.76,0.9579,0.7102,16120.0,1.917,47.88,1.35,0.7292,31.05,0.001933,0.9992,0.026225,1.6248e-06,2.698,67.46,0.2943,2103.0,0.0159843,2.24874425956
eyes-0-pyramid-13-selectivity-1,11099.0,0.7578,0.7213,0.6604,12120.0,1.442,36.07,1.094,0.6906,56.47,0.00464,0.9941,0.336,2.728e-05,2.189,54.76,0.6545,2100.0,0.11778,2.26261049268
eyes-0-pyramid-13-selectivity-1,11430.0,0.7574,0.7206,0.6791,12140.0,1.441,36.03,1.0628,0.1501,174.3,0.0144,0.9999,0.027672,2.3603e-06,2.125,53.11,0.2926,2105.0,0.015686,2.2365804077
eyes-2-pyramid-20-selectivity-2,9057.0,0.7562,0.6641,0.5354,11230.0,1.327,33.21,1.246,0.07113,145.5,0.01298,0.9987,0.17525,1.5592e-05,2.495,62.35,0.3968,2113.0,0.04871,2.11453723148
eyes-2-pyramid-20-selectivity-2,6324.44444444,0.749888888889,0.597555555556,0.372111111111,10146.6666667,1.19444444444,29.8777777778,1.60777777778,0.795555555556,21.7,0.00213666666667,0.997111111111,0.0642666666667,6.23555555556e-06,3.21555555556,80.4,0.324333333333,2123.33333333,0.0253566666667,1.6257315506
eyes-2-pyramid-20-selectivity-2,12200.0,0.76,0.8152,0.725,13740.0,1.63,40.75,1.125,0.1764,144.4,0.010499,0.9993,0.11034,8.069e-06,2.25,56.26,0.3548,2102.0,0.0274,2.19079671966
eyes-2-pyramid-20-selectivity-2,4880.0,0.750111111111,0.463111111111,0.285555555556,7918.88888889,0.926555555556,23.1555555556,1.62444444444,0.0733888888889,71.3888888889,0.00901111111111,0.999666666667,0.02698,3.37655555556e-06,3.25,81.2111111111,0.298111111111,2137.77777778,0.0169922222222,1.36230905266
eyes-2-pyramid-20-selectivity-2,7485.0,0.7533,0.7259,0.4438,12260.0,1.454,36.3,1.639,0.8602,11.033,0.0008993,0.9974,0.028717,2.3428e-06,3.278,81.94,0.2951,2108.0,0.0158982,1.92655384737
eyes-2-pyramid-20-selectivity-0,8644.0,0.7535,0.7155,0.5146,12020.0,1.431,35.79,1.401,0.10589,72.79,0.006061,0.9997,0.023622,1.9852e-06,2.802,70.06,0.2921,2100.0,0.0089869,1.9961383463
eyes-2-pyramid-20-selectivity-0,6269.0,0.76,0.5294,0.3721,8916.0,1.0595,26.46,1.444,0.4235,34.2,0.003835,0.9891,0.3693,4.032e-05,2.889,72.22,0.7063,2107.0,0.12554,1.49692137876
eyes-2-pyramid-20-selectivity-0,10655.0,0.753,0.8665,0.6344,14580.0,1.733,43.31,1.367,0.03427,142.0,0.00974,0.9999,0.026639,1.8312e-06,2.734,68.38,0.291,2100.0,0.0153139,2.10243924202
eyes-2-pyramid-20-selectivity-0,12560.0,0.7588,0.9026,0.7449,15210.0,1.806,45.13,1.213,0.1511,104.52,0.006878,0.9998,0.02684,1.778e-06,2.424,60.63,0.2928,2105.0,0.016764,1.93245406877
eyes-2-pyramid-20-selectivity-0,6376.0,0.7575,0.5368,0.3779,9055.0,1.074,26.83,1.423,0.05301,142.0,0.01568,0.9998,0.032515,3.5996e-06,2.842,71.07,0.297,2109.0,0.0177699,1.56295697741
eyes-2-pyramid-20-selectivity-1,8491.0,0.7598,0.6368,0.4968,10880.0,1.274,31.83,1.285,0.6934,43.2,0.003965,0.9992,0.032698,3.0063e-06,2.569,64.18,0.3013,2137.0,0.0159366,2.27947772281
eyes-2-pyramid-20-selectivity-1,12320.0,0.7561,0.8634,0.7305,14570.0,1.727,43.16,1.183,0.09928,107.36,0.007258,0.9978,0.1975,1.3566e-05,2.363,59.1,0.4191,2106.0,0.06888,2.14055304724
eyes-2-pyramid-20-selectivity-1,11890.0,0.7517,0.9473,0.7073,15930.0,1.895,47.38,1.341,0.1695,60.89,0.00382,0.9996,0.025395,1.588e-06,2.683,67.03,0.2958,2103.0,0.00939,2.06311394636
eyes-2-pyramid-20-selectivity-1,10600.0,0.7547,0.8175,0.6284,13770.0,1.635,40.88,1.304,0.7338,24.02,0.001744,0.9988,0.027576,1.9612e-06,2.608,65.19,0.295,2107.0,0.01714,2.12762422586
eyes-2-pyramid-20-selectivity-1,10617.0,0.7532,0.7666,0.6304,12910.0,1.533,38.33,1.218,0.5864,74.48,0.005771,0.9997,0.033404,2.6012e-06,2.435,60.85,0.2967,2104.0,0.018827,2.14582331542
eyes-1-pyramid-25-selectivity-2,7492.0,0.7588,0.5539,0.4436,9357.0,1.109,27.72,1.25,0.2276,114.59,0.01225,0.9998,0.035474,3.7689e-06,2.501,62.51,0.2963,2111.0,0.0161317,1.98720733142
eyes-1-pyramid-25-selectivity-2,12270.0,0.7538,0.8131,0.7274,13710.0,1.625,40.64,1.119,0.05743,208.8,0.01524,0.9989,0.2092,1.519e-05,2.237,55.92,0.419,2108.0,0.08564,2.17271994294
eyes-1-pyramid-25-selectivity-2,9524.0,0.7536,0.6413,0.5636,10840.0,1.282,32.06,1.139,0.241,58.21,0.005401,0.9995,0.032817,3.0343e-06,2.278,56.97,0.2997,2111.0,0.01854,2.29278145391
eyes-1-pyramid-25-selectivity-2,12640.0,0.7574,0.7983,0.7514,13430.0,1.596,39.92,1.062,0.6639,35.23,0.002625,0.9993,0.030351,2.2336e-06,2.124,53.1,0.2964,2102.0,0.015585,2.07841747904
eyes-1-pyramid-25-selectivity-2,8385.0,0.7521,0.5708,0.4969,9631.0,1.141,28.53,1.152,0.2019,147.57,0.015249,0.9997,0.036082,3.7957e-06,2.304,57.58,0.2964,2108.0,0.0178502,2.28473671432
eyes-1-pyramid-25-selectivity-0,7924.0,0.76,0.695,0.4662,11813.0,1.391,34.76,1.51,0.1848,57.54,0.004882,0.9996,0.02999,2.5244e-06,3.023,75.55,0.3002,2124.0,0.013134,2.20266988365
eyes-1-pyramid-25-selectivity-0,11180.0,0.7517,0.9022,0.6644,15170.0,1.806,45.12,1.363,0.061,77.57,0.005124,0.9996,0.032115,2.1178e-06,2.728,68.2,0.2977,2100.0,0.013165,2.03509011577
eyes-1-pyramid-25-selectivity-0,11808.0,0.7505,0.8348,0.7022,14040.0,1.67,41.74,1.189,0.7164,37.87,0.002684,0.9944,0.20918,1.4853e-05,2.384,59.55,0.4606,2101.0,0.07415,2.3105125268
eyes-1-pyramid-25-selectivity-0,10849.0,0.7508,0.9168,0.6449,15440.0,1.833,45.84,1.423,0.7098,17.33,0.0011197,0.9984,0.025695,1.6437e-06,2.846,71.14,0.2935,2105.0,0.014794,2.08527556894
eyes-1-pyramid-25-selectivity-0,10188.0,0.7578,0.7562,0.601,12820.0,1.511,37.82,1.26,0.7391,48.42,0.003769,0.9997,0.028266,2.1502e-06,2.518,62.98,0.296,2118.0,0.0167317,2.10637767511
eyes-1-pyramid-25-selectivity-1,10775.0,0.7499,0.8472,0.6398,14250.0,1.694,42.35,1.327,0.21,61.22,0.004296,0.9995,0.028814,2.0151e-06,2.655,66.37,0.2956,2101.0,0.01646,2.04795920548
eyes-1-pyramid-25-selectivity-1,9330.0,0.7547,0.753,0.555,12660.0,1.507,37.65,1.355,0.6949,21.84,0.001708,0.9981,0.026702,2.1048e-06,2.711,67.81,0.2947,2101.0,0.015296,2.25761752605
eyes-1-pyramid-25-selectivity-1,11980.0,0.7519,0.8685,0.7111,14600.0,1.736,43.42,1.221,0.5792,46.38,0.003173,0.9993,0.035106,2.4327e-06,2.444,61.12,0.3002,2104.0,0.018454,2.03562808525
eyes-1-pyramid-25-selectivity-1,7566.0,0.7536,0.8219,0.4454,13970.0,1.645,41.08,1.847,0.06949,75.65,0.005434,0.9994,0.05057,3.653e-06,3.694,92.36,0.3155,2123.0,0.021859,1.90652578317
eyes-1-pyramid-25-selectivity-1,8380.0,0.7505,0.7146,0.4908,12190.0,1.431,35.73,1.463,0.1333,77.28,0.006343,0.994,0.4566,3.737e-05,2.926,73.14,0.7206,2133.0,0.1782,1.90064432531
eyes-2-pyramid-9-selectivity-1,7834.0,0.7512,0.7016,0.4647,11812.0,1.402,35.08,1.509,0.06931,133.3,0.01135,0.9997,0.0579,5.027e-06,3.019,75.45,0.313,2106.0,0.02229,1.9074550815
eyes-2-pyramid-9-selectivity-1,7754.44444444,0.759,0.608222222222,0.444888888889,10624.4444444,1.21666666667,30.4,1.37111111111,0.815666666667,22.2888888889,0.00208333333333,0.991,0.182888888889,1.73244444444e-05,2.74111111111,68.5555555556,0.442333333333,2182.22222222,0.0512333333333,1.84821851883
eyes-2-pyramid-9-selectivity-1,11430.0,0.7523,0.78,0.6791,13130.0,1.56,39.01,1.152,0.6722,48.27,0.003655,0.9919,0.3672,2.796e-05,2.306,57.64,0.6818,2104.0,0.10843,2.28753445927
eyes-2-pyramid-9-selectivity-1,7901.11111111,0.76,0.689666666667,0.466888888889,11666.6666667,1.38,34.4777777778,1.47888888889,0.0616777777778,144.777777778,0.0124555555556,0.999777777778,0.0541888888889,4.64555555556e-06,2.95888888889,73.9555555556,0.315555555556,2115.55555556,0.0259577777778,1.94879920312
eyes-2-pyramid-9-selectivity-1,8596.0,0.76,0.7066,0.5108,11890.0,1.414,35.34,1.388,0.2176,96.03,0.008115,0.9997,0.031121,2.667e-06,2.776,69.4,0.2953,2103.0,0.0172472,2.22283539549
eyes-2-pyramid-9-selectivity-2,11020.0,0.754,0.9486,0.656,15920.0,1.895,47.39,1.446,0.04177,139.5,0.008771,0.9998,0.05909,3.695e-06,2.892,72.3,0.3162,2100.0,0.021379,2.30535742781
eyes-2-pyramid-9-selectivity-2,11100.0,0.76,0.9573,0.6574,16160.0,1.916,47.87,1.457,0.7543,33.21,0.002064,0.9992,0.031416,1.9803e-06,2.915,72.89,0.2985,2108.0,0.017951,2.14998239518
eyes-2-pyramid-9-selectivity-2,7291.0,0.7503,0.626,0.4335,10544.0,1.251,31.33,1.447,0.7783,17.013,0.0016224,0.991,0.14081,1.3263e-05,2.895,72.35,0.3904,2102.0,0.04006,1.89599249613
eyes-2-pyramid-9-selectivity-2,12470.0,0.7543,0.9156,0.7426,15410.0,1.832,45.78,1.233,0.7123,28.41,0.00184,0.9904,0.2582,1.69e-05,2.468,61.67,0.5299,2100.0,0.0752,2.22629681747
eyes-2-pyramid-9-selectivity-2,8632.0,0.753,0.5703,0.5122,9615.0,1.14,28.51,1.119,0.0783,182.5,0.01908,0.999,0.1639,1.6985e-05,2.235,55.87,0.3881,2106.0,0.04581,2.21348086415
eyes-0-pyramid-22-selectivity-2,5654.0,0.7518,0.5154,0.3356,8680.0,1.0307,25.77,1.54,0.8219,12.43,0.001434,0.9971,0.030145,3.5418e-06,3.081,77.0,0.2976,2105.0,0.0178362,1.52154594011
eyes-0-pyramid-22-selectivity-2,10580.0,0.76,0.9799,0.6287,16470.0,1.96,48.98,1.56,0.03843,72.77,0.004415,0.9995,0.04493,2.7246e-06,3.119,77.98,0.3074,2103.0,0.02315,2.12070905371
eyes-0-pyramid-22-selectivity-2,11635.0,0.76,0.8613,0.691,14480.0,1.722,43.06,1.25,0.08109,74.0,0.005106,0.9996,0.024414,1.6803e-06,2.501,62.55,0.2926,2103.0,0.0097002,2.10928171112
eyes-0-pyramid-22-selectivity-2,6790.0,0.7493,0.6956,0.3971,11900.0,1.391,34.78,1.76,0.08927,74.74,0.006286,0.9986,0.10215,8.477e-06,3.524,88.07,0.3563,2136.0,0.03382,1.76417939837
eyes-0-pyramid-22-selectivity-2,9189.0,0.7521,0.9638,0.545,16270.0,1.93,48.21,1.767,0.7025,12.651,0.0007647,0.9985,0.019489,1.1776e-06,3.537,88.4,0.2911,2108.0,0.0086277,2.45886561883
eyes-0-pyramid-22-selectivity-0,11130.4272727,0.720636363636,0.865180363636,0.66246,14537.8636364,1.73017909091,43.2590181818,1.23336363636,0.650181818182,35.4908,0.00276545454545,0.952090909091,0.0284772727273,0.000267875272727,2.46409090909,61.6272727273,0.296090909091,2100.0,0.0151418181818,2.25410193929
eyes-0-pyramid-22-selectivity-0,10425.0,0.76,0.8165,0.6195,13770.0,1.633,40.81,1.322,0.04988,141.4,0.010324,0.9999,0.028311,2.0658e-06,2.644,66.13,0.2943,2105.0,0.015867,2.24220644531
eyes-0-pyramid-22-selectivity-0,12470.0,0.7525,0.8575,0.7417,14420.0,1.714,42.89,1.156,0.7449,25.65,0.001781,0.9984,0.035671,2.5435e-06,2.314,57.82,0.2996,2101.0,0.0182586,2.42090935053
eyes-0-pyramid-22-selectivity-0,12090.0,0.753,0.8483,0.7169,14310.0,1.697,42.39,1.188,0.05372,143.2,0.010013,0.9998,0.035821,2.553e-06,2.378,59.42,0.3019,2110.0,0.018678,2.08658420049
eyes-0-pyramid-22-selectivity-0,12550.0,0.7519,0.8677,0.7432,14620.0,1.736,43.4,1.167,0.1384,113.18,0.007665,1.0,0.022309,1.4912e-06,2.336,58.39,0.2918,2108.0,0.0155026,2.09614920646
eyes-0-pyramid-22-selectivity-1,9262.0,0.7523,0.6667,0.5512,11193.0,1.333,33.32,1.211,0.05244,118.5,0.01059,0.9999,0.026153,2.3398e-06,2.421,60.51,0.2917,2100.0,0.01489,2.53063388072
eyes-0-pyramid-22-selectivity-1,4331.0,0.751,0.4292,0.2571,7227.0,0.8582,21.47,1.67,0.0548,75.86,0.010532,0.9997,0.026868,3.6866e-06,3.339,83.48,0.2945,2105.0,0.013112,1.35506181128
eyes-0-pyramid-22-selectivity-1,7788.0,0.76,0.5105,0.4628,8588.0,1.021,25.52,1.107,0.2494,123.9,0.01446,0.9997,0.05504,6.397e-06,2.21,55.29,0.3135,2103.0,0.021585,1.96160137808
eyes-0-pyramid-22-selectivity-1,8805.0,0.7577,0.6256,0.5229,10542.0,1.251,31.28,1.202,0.8126,23.37,0.002208,0.9981,0.028327,2.7103e-06,2.403,60.08,0.2965,2105.0,0.016355,2.31640465147
eyes-0-pyramid-22-selectivity-1,8722.0,0.7525,0.5618,0.5191,9440.0,1.1237,28.09,1.0878,0.05276,210.4,0.02222,1.0,0.03383,3.589e-06,2.171,54.29,0.2932,2100.0,0.01727,2.38395586556
eyes-1-pyramid-18-selectivity-2,9465.0,0.76,1.0003,0.5601,16920.0,2.001,50.0,1.787,0.05679,73.75,0.004365,0.9995,0.05061,2.982e-06,3.578,89.41,0.3164,2111.0,0.02133,2.32500706133
eyes-1-pyramid-18-selectivity-2,12020.0,0.7523,0.6752,0.713,11370.0,1.35,33.77,0.9483,0.06797,159.9,0.01389,0.9997,0.04477,4.091e-06,1.894,47.36,0.3004,2104.0,0.01951,2.11070916318
eyes-1-pyramid-18-selectivity-2,8978.0,0.7589,0.6387,0.5286,10870.0,1.277,31.93,1.211,0.7909,32.28,0.002971,0.999,0.027146,2.4849e-06,2.42,60.49,0.2957,2123.0,0.015005,2.44873389281
eyes-1-pyramid-18-selectivity-2,7849.0,0.7503,0.5613,0.466,9455.0,1.1218,28.07,1.206,0.192,148.7,0.01576,0.9999,0.025487,2.6379e-06,2.413,60.31,0.2912,2105.0,0.0145306,2.01991508526
eyes-1-pyramid-18-selectivity-2,10680.0,0.7516,0.5945,0.6364,9984.0,1.19,29.72,0.9356,0.1818,153.2,0.01532,0.9998,0.02998,2.964e-06,1.873,46.8,0.2915,2100.0,0.014991,2.20199683919
eyes-1-pyramid-18-selectivity-0,10980.0,0.76,0.9107,0.6466,15460.0,1.823,45.55,1.408,0.1363,114.3,0.007432,0.9998,0.029814,1.9802e-06,2.819,70.46,0.2962,2119.0,0.0151522,2.07561618159
eyes-1-pyramid-18-selectivity-0,9672.22222222,0.751555555556,0.821444444444,0.563111111111,14144.4444444,1.64222222222,41.0555555556,1.46111111111,0.214666666667,104.911111111,0.00745888888889,0.999666666667,0.0557,4.01333333333e-06,2.92111111111,73.0444444444,0.323777777778,2147.77777778,0.0249333333333,2.19638736302
eyes-1-pyramid-18-selectivity-0,12180.0,0.7521,0.862,0.7226,14550.0,1.725,43.12,1.193,0.06114,197.2,0.013468,0.9987,0.2041,1.4398e-05,2.384,59.61,0.3874,2109.0,0.05497,2.54298420909
eyes-1-pyramid-18-selectivity-0,6141.0,0.76,0.6508,0.3646,10980.0,1.303,32.54,1.792,0.2558,54.77,0.005006,0.9989,0.05247,4.836e-06,3.583,89.56,0.3171,2105.0,0.023424,1.52868257354
eyes-1-pyramid-18-selectivity-0,10019.0,0.7514,0.9584,0.5962,16120.0,1.915,47.91,1.608,0.568,19.66,0.001221,0.9988,0.022942,1.4186e-06,3.223,80.54,0.2929,2100.0,0.0145733,2.10409616927
eyes-1-pyramid-18-selectivity-1,9957.0,0.7507,0.7036,0.5904,11830.0,1.406,35.17,1.202,0.2441,96.36,0.008112,0.9965,0.3365,2.8403e-05,2.403,60.05,0.6295,2105.0,0.09581,2.11458343786
eyes-1-pyramid-18-selectivity-1,7287.77777778,0.751444444444,0.720666666667,0.433555555556,12116.6666667,1.44111111111,36.0333333333,1.65888888889,0.849,19.8111111111,0.00162555555556,0.998333333333,0.0325911111111,2.63166666667e-06,3.32222222222,83.0111111111,0.297555555556,2101.11111111,0.0152055555556,1.91495247738
eyes-1-pyramid-18-selectivity-1,7342.0,0.7516,0.5543,0.4355,9347.0,1.108,27.7,1.276,0.07561,78.85,0.00846,0.9998,0.025348,2.6601e-06,2.553,63.85,0.295,2106.0,0.013127,1.84313908436
eyes-1-pyramid-18-selectivity-1,9183.0,0.7577,0.827,0.5406,14070.0,1.653,41.32,1.535,0.05097,128.83,0.009111,0.9995,0.067,4.822e-06,3.067,76.7,0.3214,2124.0,0.026443,2.28459196872
eyes-1-pyramid-18-selectivity-1,7128.0,0.76,0.677,0.4232,11410.0,1.353,33.84,1.607,0.2251,55.35,0.004855,0.9996,0.027946,2.4474e-06,3.215,80.38,0.2962,2105.0,0.0173489,1.80408049413
eyes-2-pyramid-13-selectivity-0,9188.0,0.756,0.8386,0.5455,14120.0,1.677,41.94,1.538,0.1412,68.13,0.004822,0.9996,0.025067,1.7961e-06,3.075,76.89,0.2939,2105.0,0.0141708,2.19615842755
eyes-2-pyramid-13-selectivity-0,6851.0,0.7511,0.5238,0.4064,8829.0,1.0482,26.19,1.298,0.09114,145.8,0.01659,0.9992,0.1204,1.3109e-05,2.593,64.84,0.3632,2107.0,0.03635,1.76127860824
eyes-2-pyramid-13-selectivity-0,9229.0,0.7547,0.7678,0.549,12930.0,1.536,38.37,1.4,0.8054,28.83,0.002234,0.9991,0.029757,2.3417e-06,2.802,70.01,0.2957,2101.0,0.0181932,2.3267320617
eyes-2-pyramid-13-selectivity-0,12370.0,0.7523,0.895,0.732,15160.0,1.791,44.75,1.223,0.1532,152.48,0.010036,0.9997,0.05948,4.066e-06,2.444,61.13,0.3163,2115.0,0.024893,2.25835634104
eyes-2-pyramid-13-selectivity-0,10606.6666667,0.752444444444,0.826333333333,0.629777777778,13922.2222222,1.65222222222,41.3333333333,1.31222222222,0.737222222222,26.5888888889,0.00190777777778,0.998888888889,0.0252122222222,1.83755555556e-06,2.62444444444,65.5888888889,0.293111111111,2105.55555556,0.0151711111111,2.00518161137
eyes-2-pyramid-13-selectivity-1,11070.0,0.7558,0.81,0.6564,13660.0,1.621,40.51,1.233,0.1288,42.91,0.003144,0.9992,0.03051,2.2764e-06,2.47,61.72,0.2989,2106.0,0.019021,2.15493068391
eyes-2-pyramid-13-selectivity-1,7820.0,0.7555,0.7221,0.4631,12200.0,1.443,36.1,1.562,0.06555,141.2,0.01161,0.9997,0.0527,4.291e-06,3.124,78.09,0.3123,2110.0,0.02446,1.90979443651
eyes-2-pyramid-13-selectivity-1,11047.0,0.753,0.8347,0.6557,14080.0,1.669,41.74,1.275,0.04153,143.0,0.010163,1.0,0.025072,1.7779e-06,2.549,63.73,0.2921,2108.0,0.014672,2.20972664965
eyes-2-pyramid-13-selectivity-1,7657.0,0.7522,0.6001,0.4512,10178.0,1.201,30.0,1.333,0.7996,27.24,0.002668,0.9988,0.030515,2.9895e-06,2.665,66.62,0.2986,2119.0,0.014864,2.09310109478
eyes-2-pyramid-13-selectivity-1,6977.0,0.7535,0.5801,0.413,9795.0,1.16,29.0,1.411,0.8226,21.46,0.002196,0.9989,0.026243,2.6404e-06,2.818,70.48,0.2953,2110.0,0.0166766,1.82717339215
eyes-2-pyramid-13-selectivity-2,12130.0,0.76,0.7698,0.7216,12940.0,1.539,38.49,1.068,0.1792,101.98,0.007886,0.9987,0.13385,1.0384e-05,2.135,53.37,0.3703,2100.0,0.03473,2.26253954026
eyes-2-pyramid-13-selectivity-2,11720.0,0.7576,0.6676,0.6975,11230.0,1.336,33.4,0.9574,0.06499,122.9,0.01093,0.9999,0.024875,2.2144e-06,1.915,47.89,0.2921,2103.0,0.0101696,2.13948867569
eyes-2-pyramid-13-selectivity-2,9855.0,0.7589,0.6889,0.5851,11610.0,1.379,34.44,1.188,0.08312,146.8,0.01268,0.9976,0.3517,3.028e-05,2.372,59.32,0.692,2105.0,0.11162,2.14978750784
eyes-2-pyramid-13-selectivity-2,10375.0,0.7523,0.8546,0.6152,14390.0,1.708,42.73,1.392,0.8013,22.32,0.001558,0.9938,0.13426,9.555e-06,2.783,69.6,0.3852,2105.0,0.038496,2.28389047593
eyes-2-pyramid-13-selectivity-2,12390.0,0.7523,0.8421,0.7364,14170.0,1.685,42.1,1.143,0.09859,96.56,0.006814,0.9997,0.030956,2.1684e-06,2.289,57.21,0.2938,2103.0,0.0134649,2.10455527893
eyes-0-pyramid-5-selectivity-2,8587.0,0.756,0.6069,0.5109,10193.0,1.214,30.35,1.193,0.7066,33.85,0.003328,0.9987,0.040441,4.0002e-06,2.387,59.66,0.3026,2100.0,0.018821,2.37411317875
eyes-0-pyramid-5-selectivity-2,6348.0,0.7495,0.5261,0.3766,8861.0,1.0519,26.3,1.415,0.2783,53.27,0.006047,0.9929,0.3584,3.975e-05,2.828,70.71,0.6187,2104.0,0.15831,1.66220416764
eyes-0-pyramid-5-selectivity-2,9370.0,0.7513,0.7194,0.5559,12136.0,1.439,35.95,1.292,0.7206,34.4,0.002777,0.9993,0.024976,2.0558e-06,2.586,64.6,0.2931,2106.0,0.015525,2.43889387021
eyes-0-pyramid-5-selectivity-2,10924.0,0.7512,0.8011,0.6457,13550.0,1.603,40.06,1.241,0.2172,52.18,0.003837,0.9996,0.024876,1.8235e-06,2.482,62.09,0.294,2113.0,0.0160782,2.31320791277
eyes-0-pyramid-5-selectivity-2,4478.88888889,0.749111111111,0.446666666667,0.264555555556,7558.88888889,0.893444444444,22.3333333333,1.69333333333,0.300888888889,39.2888888889,0.00521333333333,0.998555555556,0.0552888888889,7.06111111111e-06,3.38444444444,84.6222222222,0.32,2114.44444444,0.0235933333333,1.38471837233
eyes-0-pyramid-5-selectivity-0,12988.8888889,0.751666666667,0.840111111111,0.729555555556,15055.5555556,1.68,42.0111111111,1.15333333333,0.0496,158.111111111,0.0104633333333,0.999777777778,0.03124,2.20366666667e-06,2.31,57.7222222222,0.314,2240.0,0.0136257777778,2.34588108882
eyes-0-pyramid-5-selectivity-0,7377.0,0.7537,0.7075,0.4388,11893.0,1.415,35.39,1.619,0.07512,75.02,0.006343,0.9997,0.034514,2.8918e-06,3.238,80.95,0.2984,2101.0,0.015826,2.0117167065
eyes-0-pyramid-5-selectivity-0,9426.0,0.7578,0.828,0.561,13900.0,1.656,41.41,1.476,0.26,46.56,0.003339,0.9997,0.022065,1.5685e-06,2.953,73.83,0.2907,2100.0,0.0099215,2.35753098534
eyes-0-pyramid-5-selectivity-0,7616.0,0.7576,0.5594,0.4519,9422.0,1.118,27.96,1.238,0.187,151.44,0.01603,1.0,0.026979,2.8131e-06,2.477,61.91,0.2909,2107.0,0.014445,2.18084782123
eyes-0-pyramid-5-selectivity-0,9435.0,0.76,0.9046,0.5617,15200.0,1.809,45.22,1.613,0.6923,31.68,0.002083,0.9985,0.04875,3.2324e-06,3.227,80.59,0.3124,2100.0,0.020488,2.30934233008
eyes-0-pyramid-5-selectivity-1,6156.0,0.7579,0.5488,0.3642,9275.0,1.0966,27.44,1.507,0.7089,35.45,0.003815,0.9994,0.025821,2.8227e-06,3.013,75.33,0.2937,2112.0,0.017247,1.71648939313
eyes-0-pyramid-5-selectivity-1,4678.0,0.7585,0.4598,0.2756,7809.0,0.9204,23.01,1.667,0.07227,75.73,0.009711,0.9991,0.05718,7.206e-06,3.34,83.49,0.3187,2121.0,0.023919,1.37001770904
eyes-0-pyramid-5-selectivity-1,7510.0,0.7528,0.5224,0.4459,8801.0,1.0452,26.13,1.176,0.2269,56.53,0.006438,0.9996,0.025782,2.9416e-06,2.352,58.81,0.2941,2105.0,0.012624,1.74751718573
eyes-0-pyramid-5-selectivity-1,12360.0,0.759,0.8104,0.7351,13630.0,1.622,40.52,1.1,0.7324,42.78,0.003138,0.9991,0.037716,2.8041e-06,2.207,55.13,0.3,2102.0,0.018183,2.30431656006
eyes-0-pyramid-5-selectivity-1,8652.0,0.7499,0.7124,0.5121,12030.0,1.426,35.6,1.398,0.2588,89.49,0.007443,0.9987,0.1271,1.0487e-05,2.794,69.86,0.3721,2110.0,0.03745,2.2354300599
eyes-1-pyramid-7-selectivity-1,6976.0,0.7534,0.5453,0.4148,9170.0,1.092,27.28,1.316,0.0613,143.3,0.01566,0.9998,0.030365,3.4983e-06,2.632,65.84,0.2943,2101.0,0.0120446,1.83807353374
eyes-1-pyramid-7-selectivity-1,10445.0,0.7576,0.6989,0.6214,11740.0,1.399,34.94,1.125,0.05882,119.5,0.010164,0.9998,0.029684,2.5201e-06,2.252,56.31,0.2955,2100.0,0.0137749,2.39957260074
eyes-1-pyramid-7-selectivity-1,11107.0,0.752,0.6434,0.6607,10829.0,1.286,32.17,0.9757,0.1511,167.8,0.01552,0.9998,0.031535,2.861e-06,1.95,48.76,0.2907,2100.0,0.015077,2.35550343821
eyes-1-pyramid-7-selectivity-1,9663.0,0.7542,0.8344,0.5714,14090.0,1.668,41.72,1.468,0.2385,51.78,0.00367,0.9995,0.032781,2.3288e-06,2.938,73.43,0.2996,2112.0,0.015626,2.10600599541
eyes-1-pyramid-7-selectivity-1,11220.0,0.7588,0.9387,0.6626,15900.0,1.88,46.94,1.418,0.159,106.58,0.006709,0.9998,0.04333,2.6834e-06,2.832,70.83,0.3104,2115.0,0.014635,2.28614884603
eyes-1-pyramid-7-selectivity-0,8825.0,0.76,0.7766,0.5245,13060.0,1.553,38.84,1.486,0.1896,75.88,0.00582,0.9939,0.438,3.369e-05,2.976,74.39,0.7514,2105.0,0.13575,1.91318298739
eyes-1-pyramid-7-selectivity-0,11910.0,0.7517,0.8614,0.7083,14500.0,1.722,43.08,1.216,0.6954,48.84,0.003372,0.9995,0.02522,1.7288e-06,2.435,60.87,0.2926,2103.0,0.0147344,2.09136859193
eyes-1-pyramid-7-selectivity-0,6460.0,0.7518,0.5022,0.3822,8488.0,1.0042,25.12,1.315,0.10153,66.1,0.007817,0.9998,0.029457,3.3855e-06,2.63,65.76,0.297,2111.0,0.015668,1.72574364238
eyes-1-pyramid-7-selectivity-0,6304.0,0.7557,0.5823,0.3718,9865.0,1.165,29.13,1.569,0.8587,16.18,0.00164,0.9986,0.022865,2.3046e-06,3.134,78.36,0.2936,2118.0,0.0100114,1.54922474402
eyes-1-pyramid-7-selectivity-0,12610.0,0.7527,0.8252,0.7492,13870.0,1.651,41.25,1.103,0.05174,130.9,0.009396,0.9998,0.030802,2.2215e-06,2.203,55.08,0.2937,2100.0,0.01768,2.02081728034
eyes-1-pyramid-7-selectivity-2,7910.0,0.7523,0.5485,0.4648,9307.0,1.0982,27.42,1.19,0.1956,99.42,0.0107,0.9998,0.027267,2.8723e-06,2.382,59.53,0.2952,2121.0,0.0125431,2.11183322641
eyes-1-pyramid-7-selectivity-2,6278.0,0.756,0.5408,0.3707,9162.0,1.0807,27.03,1.468,0.13012,79.69,0.008765,0.9956,0.3423,3.653e-05,2.937,73.43,0.5936,2115.0,0.11881,1.69547180993
eyes-1-pyramid-7-selectivity-2,12130.0,0.7509,0.8445,0.7212,14200.0,1.689,42.21,1.172,0.6519,39.81,0.002785,0.9995,0.022039,1.5518e-06,2.343,58.58,0.2914,2103.0,0.0098261,2.18558805873
eyes-1-pyramid-7-selectivity-2,9882.0,0.7529,0.888,0.5835,15010.0,1.776,44.39,1.532,0.05413,69.85,0.004665,0.9997,0.026857,1.7942e-06,3.06,76.52,0.295,2113.0,0.016132,2.297423395
eyes-1-pyramid-7-selectivity-2,12488.8888889,0.752333333333,0.794666666667,0.740222222222,13388.8888889,1.59,39.7333333333,1.07444444444,0.0995555555556,109.444444444,0.00819222222222,0.999777777778,0.0278722222222,2.06711111111e-06,2.14888888889,53.7222222222,0.293555555556,2107.77777778,0.012578,2.12173658178
eyes-2-pyramid-25-selectivity-2,11830.0,0.7577,0.9462,0.7047,15890.0,1.893,47.32,1.346,0.634,21.94,0.001379,0.9835,0.32,2.008e-05,2.692,67.31,0.713,2100.0,0.09111,2.13575979098
eyes-2-pyramid-25-selectivity-2,6824.0,0.7509,0.6892,0.4018,11710.0,1.378,34.47,1.729,0.7432,15.9,0.00135,0.9912,0.11667,9.958e-06,3.457,86.42,0.3654,2122.0,0.04089,1.80494695632
eyes-2-pyramid-25-selectivity-2,10820.0,0.7515,0.719,0.6425,12080.0,1.439,35.95,1.119,0.155,120.87,0.010045,0.9997,0.035477,3.0368e-06,2.238,55.97,0.2947,2101.0,0.015238,2.1254228897
eyes-2-pyramid-25-selectivity-2,12570.0,0.7526,0.8309,0.7428,14060.0,1.662,41.55,1.119,0.1256,112.79,0.007968,0.9999,0.023789,1.643e-06,2.24,55.98,0.2918,2112.0,0.0083056,2.02614686804
eyes-2-pyramid-25-selectivity-2,6718.0,0.7542,0.5676,0.398,9583.0,1.135,28.37,1.434,0.8417,10.761,0.0011238,0.9953,0.030278,3.1585e-06,2.871,71.75,0.2984,2108.0,0.015536,1.77815241631
eyes-2-pyramid-25-selectivity-1,12650.0,0.7548,0.873,0.7504,14690.0,1.746,43.65,1.164,0.6939,42.14,0.002865,0.9996,0.023879,1.6272e-06,2.33,58.22,0.2927,2104.0,0.0103794,2.01654021895
eyes-2-pyramid-25-selectivity-1,11020.0,0.7541,0.9046,0.6526,15310.0,1.811,45.24,1.387,0.6499,61.49,0.004011,0.9998,0.022826,1.4739e-06,2.773,69.35,0.2932,2113.0,0.0126112,2.14064803967
eyes-2-pyramid-25-selectivity-1,4456.0,0.7494,0.4373,0.2653,7346.0,0.8742,21.85,1.649,0.08215,64.78,0.008838,0.9998,0.023202,3.0866e-06,3.299,82.49,0.2908,2100.0,0.0091274,1.3297629199
eyes-2-pyramid-25-selectivity-1,4933.33333333,0.758555555556,0.508,0.291333333333,8600.0,1.01788888889,25.3888888889,1.74333333333,0.905,3.77555555556,0.000437888888889,0.993444444444,0.0258711111111,2.93333333333e-06,3.48777777778,87.2,0.295111111111,2117.77777778,0.0137162222222,1.36429773343
eyes-2-pyramid-25-selectivity-1,8850.0,0.7513,0.7765,0.5238,13110.0,1.554,38.83,1.489,0.6225,33.61,0.002542,0.9957,0.12751,9.666e-06,2.981,74.49,0.3681,2112.0,0.03734,2.15045710517
eyes-2-pyramid-25-selectivity-0,12070.0,0.7525,0.8524,0.716,14370.0,1.703,42.62,1.194,0.05241,122.57,0.008517,0.9998,0.026231,1.8289e-06,2.387,59.7,0.2926,2106.0,0.014788,2.06952223033
eyes-2-pyramid-25-selectivity-0,12630.0,0.7539,0.8324,0.75,14010.0,1.664,41.62,1.109,0.05211,145.12,0.010288,0.9999,0.032011,2.2631e-06,2.22,55.47,0.2946,2103.0,0.015626,2.0421538161
eyes-2-pyramid-25-selectivity-0,4650.0,0.7512,0.4646,0.2767,7809.0,0.9292,23.24,1.68,0.07876,74.38,0.009539,0.9992,0.05484,7.085e-06,3.361,84.01,0.3148,2100.0,0.022358,1.42241717203
eyes-2-pyramid-25-selectivity-0,9465.0,0.7529,0.7959,0.5624,13390.0,1.592,39.78,1.42,0.1476,66.23,0.004873,0.9992,0.05033,3.777e-06,2.838,70.95,0.314,2102.0,0.022168,2.14060078657
eyes-2-pyramid-25-selectivity-0,6372.22222222,0.751888888889,0.552222222222,0.375777777778,9360.0,1.10555555556,27.6111111111,1.47,0.204888888889,54.4,0.00581111111111,0.999444444444,0.0362744444444,3.887e-06,2.93888888889,73.5,0.301888888889,2117.77777778,0.0171,1.49705458228
eyes-2-pyramid-5-selectivity-0,11025.0,0.7519,0.7257,0.6551,12206.0,1.451,36.28,1.107,0.06707,149.31,0.012185,0.9998,0.033737,2.8882e-06,2.212,55.33,0.2952,2103.0,0.012344,2.03595807343
eyes-2-pyramid-5-selectivity-0,9006.0,0.76,0.581,0.5361,9764.0,1.163,29.04,1.085,0.2099,146.06,0.014982,0.9998,0.033857,3.4338e-06,2.171,54.25,0.2943,2100.0,0.01846,2.15589999803
eyes-2-pyramid-5-selectivity-0,7427.0,0.7503,0.6929,0.442,11636.0,1.385,34.63,1.569,0.1954,104.48,0.008977,0.9998,0.02572,2.2064e-06,3.138,78.45,0.2917,2100.0,0.015325,1.74255137969
eyes-2-pyramid-5-selectivity-0,9271.0,0.7589,0.8541,0.5466,14490.0,1.709,42.69,1.566,0.04461,145.4,0.010049,0.9999,0.032019,2.2179e-06,3.132,78.25,0.2982,2119.0,0.0172864,2.05582191333
eyes-2-pyramid-5-selectivity-0,6877.45454545,0.713545454545,0.532728181818,0.407590909091,8992.44545455,1.06509181818,26.6318454545,1.24754545455,0.764363636364,20.7732727273,0.00265272727273,0.930454545455,0.276954545455,0.000361487272727,2.49145454545,62.3181818182,0.586636363636,2105.45454545,0.0861190909091,1.87266176477
eyes-2-pyramid-5-selectivity-1,7526.0,0.7511,0.8506,0.448,14280.0,1.701,42.52,1.905,0.2277,44.52,0.003108,0.9995,0.023531,1.651e-06,3.809,95.29,0.2898,2100.0,0.0141592,1.82779944897
eyes-2-pyramid-5-selectivity-1,5670.0,0.7527,0.5429,0.3358,9161.0,1.0857,27.14,1.62,0.2685,53.34,0.005841,0.9978,0.10927,1.1775e-05,3.241,81.01,0.3591,2109.0,0.03201,1.55266789926
eyes-2-pyramid-5-selectivity-1,12670.0,0.7559,0.8972,0.7529,15100.0,1.794,44.87,1.192,0.1156,137.0,0.009031,0.9999,0.025193,1.673e-06,2.386,59.62,0.291,2100.0,0.0147742,2.24597528332
eyes-2-pyramid-5-selectivity-1,5631.0,0.7496,0.5277,0.3326,8934.0,1.0547,26.38,1.594,0.7814,13.355,0.00149,0.9974,0.02819,3.088e-06,3.187,79.69,0.298,2114.0,0.01653,1.61865192593
eyes-2-pyramid-5-selectivity-1,12630.0,0.7542,0.9215,0.7492,15510.0,1.842,46.09,1.23,0.02987,192.3,0.01239,1.0,0.0269,1.7686e-06,2.461,61.53,0.2918,2104.0,0.0158935,2.07061045165
eyes-2-pyramid-5-selectivity-2,8443.0,0.7577,0.7375,0.5022,12410.0,1.476,36.87,1.49,0.7372,19.29,0.001545,0.9745,0.4591,3.6162e-05,2.979,74.49,0.6973,2100.0,0.17264,1.99229291667
eyes-2-pyramid-5-selectivity-2,12580.0,0.7561,0.9525,0.7479,16010.0,1.904,47.62,1.273,0.6745,45.56,0.002834,0.9974,0.11254,7.101e-06,2.549,63.68,0.3662,2100.0,0.03536,2.16603409492
eyes-2-pyramid-5-selectivity-2,7406.0,0.7496,0.7415,0.4368,12570.0,1.484,37.06,1.701,0.7074,21.18,0.001681,0.9907,0.18543,1.4774e-05,3.4,85.02,0.422,2119.0,0.05849,1.74004419344
eyes-2-pyramid-5-selectivity-2,7355.0,0.7515,0.5469,0.4366,9219.0,1.093,27.37,1.254,0.08877,76.63,0.008329,0.9996,0.034741,3.7858e-06,2.511,62.77,0.2998,2105.0,0.018315,1.8867351168
eyes-2-pyramid-5-selectivity-2,10755.0,0.76,0.8119,0.6394,13650.0,1.624,40.6,1.274,0.7753,25.65,0.001881,0.9948,0.13147,9.633e-06,2.549,63.76,0.3749,2103.0,0.03214,2.35493555801
eyes-0-pyramid-25-selectivity-1,7568.0,0.7528,0.7328,0.4483,12380.0,1.465,36.65,1.636,0.7999,25.95,0.002086,0.9991,0.024701,1.9965e-06,3.274,81.84,0.2927,2110.0,0.010977,2.1676326263
eyes-0-pyramid-25-selectivity-1,12590.0,0.753,0.9091,0.7426,15390.0,1.819,45.46,1.222,0.1318,140.8,0.00914,0.9996,0.04315,2.9061e-06,2.447,61.16,0.301,2116.0,0.017816,2.07439144593
eyes-0-pyramid-25-selectivity-1,6922.0,0.7457,0.5336,0.4095,9025.0,1.0667,26.68,1.309,0.04684,142.33,0.01585,0.9998,0.027914,3.07e-06,2.613,65.35,0.2937,2112.0,0.009602,1.90151178713
eyes-0-pyramid-25-selectivity-1,10832.0,0.752,0.8292,0.6417,14000.0,1.658,41.46,1.294,0.1474,152.45,0.010845,0.9998,0.05952,4.189e-06,2.59,64.72,0.3132,2109.0,0.023174,2.24385878534
eyes-0-pyramid-25-selectivity-1,11032.0,0.7519,0.7131,0.6559,11974.0,1.426,35.66,1.0938,0.06739,186.0,0.0154,0.9975,0.4175,3.437e-05,2.189,54.7,0.6428,2100.0,0.10631,2.32662855004
eyes-0-pyramid-25-selectivity-0,9445.0,0.7532,0.5794,0.5603,9761.0,1.1587,28.96,1.0326,0.07164,142.7,0.01469,0.9999,0.03098,3.15e-06,2.066,51.65,0.2939,2105.0,0.015587,2.36457128781
eyes-0-pyramid-25-selectivity-0,11950.0,0.7564,0.7504,0.7106,12600.0,1.5,37.51,1.0574,0.617,46.08,0.003622,0.9993,0.037838,3.0164e-06,2.116,52.93,0.2987,2100.0,0.016037,2.1167383104
eyes-0-pyramid-25-selectivity-0,7904.0,0.76,0.6888,0.4704,11570.0,1.379,34.45,1.47,0.1537,66.97,0.005787,0.9998,0.023718,2.0051e-06,2.935,73.41,0.2926,2100.0,0.013947,2.03916069183
eyes-0-pyramid-25-selectivity-0,7904.0,0.7587,0.7424,0.4694,12500.0,1.485,37.11,1.582,0.8226,17.91,0.001429,0.9982,0.032809,2.6478e-06,3.166,79.13,0.2977,2104.0,0.0173082,2.10112654287
eyes-0-pyramid-25-selectivity-0,12500.0,0.7575,0.7555,0.7437,12700.0,1.511,37.76,1.0162,0.06448,123.3,0.009744,0.9987,0.166171,1.36073e-05,2.033,50.83,0.3176,2101.0,0.027968,2.03711887226
eyes-0-pyramid-25-selectivity-2,12140.0,0.7582,0.9151,0.7211,15400.0,1.831,45.78,1.272,0.7078,24.77,0.001601,0.9988,0.02437,1.6122e-06,2.547,63.62,0.2929,2102.0,0.0147429,2.10068642466
eyes-0-pyramid-25-selectivity-2,11450.0,0.7522,0.8834,0.6807,14860.0,1.766,44.18,1.299,0.807,12.842,0.0008621,0.9973,0.02432,1.6232e-06,2.596,64.94,0.2932,2101.0,0.0096311,2.11305381367
eyes-0-pyramid-25-selectivity-2,10083.0,0.7515,0.7006,0.5973,11800.0,1.402,35.01,1.174,0.06284,141.8,0.01202,0.9999,0.03051,2.617e-06,2.354,58.82,0.2943,2108.0,0.011009,2.16703619713
eyes-0-pyramid-25-selectivity-2,7012.0,0.7509,0.721,0.4171,12130.0,1.441,36.05,1.739,0.8172,10.457,0.0008583,0.9967,0.025529,2.1357e-06,3.476,86.91,0.293,2100.0,0.0135592,1.81056777664
eyes-0-pyramid-25-selectivity-2,8890.0,0.76,0.6956,0.5285,11700.0,1.391,34.79,1.325,0.1555,81.06,0.006941,0.9938,0.4953,4.259e-05,2.651,66.3,0.8388,2102.0,0.1613,1.93744521708
eyes-2-pyramid-16-selectivity-1,8865.0,0.7535,0.6997,0.5275,11750.0,1.399,34.98,1.329,0.1417,127.67,0.010788,0.9998,0.024741,2.1053e-06,2.653,66.33,0.2906,2100.0,0.0077334,2.47636346305
eyes-2-pyramid-16-selectivity-1,10006.0,0.7527,0.8545,0.595,14360.0,1.709,42.72,1.451,0.279,59.85,0.004173,0.9925,0.43167,3.0222e-05,2.902,72.52,0.7499,2100.0,0.13033,2.05830018428
eyes-2-pyramid-16-selectivity-1,9297.0,0.76,0.6863,0.5521,11544.0,1.372,34.32,1.243,0.1634,164.9,0.01443,0.9999,0.031169,2.7441e-06,2.485,62.13,0.2929,2105.0,0.015578,2.49271911401
eyes-2-pyramid-16-selectivity-1,11160.0,0.76,0.9949,0.6633,16730.0,1.99,49.77,1.502,0.03853,142.3,0.008494,0.9997,0.05424,3.243e-06,3.002,75.07,0.3155,2103.0,0.018751,2.21080886465
eyes-2-pyramid-16-selectivity-1,8247.0,0.7518,0.8553,0.4906,14380.0,1.71,42.75,1.751,0.6861,20.27,0.00141,0.9983,0.031957,2.2133e-06,3.502,87.53,0.2963,2100.0,0.015214,2.21140606136
eyes-2-pyramid-16-selectivity-0,11080.0,0.7574,0.8658,0.6556,14640.0,1.732,43.31,1.321,0.8149,20.04,0.001368,0.9986,0.025784,1.7246e-06,2.643,66.08,0.294,2112.0,0.015399,2.10174929905
eyes-2-pyramid-16-selectivity-0,4789.0,0.7598,0.4632,0.2834,7829.0,0.9262,23.15,1.636,0.06766,69.06,0.008829,0.9997,0.030238,3.8115e-06,3.271,81.77,0.2977,2112.0,0.0181465,1.29293561631
eyes-2-pyramid-16-selectivity-0,4995.0,0.7491,0.4553,0.296,7688.0,0.9105,22.76,1.543,0.06004,76.23,0.009956,0.9997,0.031871,4.1128e-06,3.086,77.16,0.2982,2110.0,0.016213,1.52050977013
eyes-2-pyramid-16-selectivity-0,4787.77777778,0.759,0.479222222222,0.284,8084.44444444,0.958444444444,23.9555555556,1.68888888889,0.284111111111,44.7888888889,0.00554333333333,0.998666666667,0.0590111111111,7.19333333333e-06,3.37777777778,84.4555555556,0.321333333333,2107.77777778,0.0259,1.40521391303
eyes-2-pyramid-16-selectivity-0,11013.0,0.7525,0.867,0.6559,14580.0,1.733,43.35,1.322,0.04201,139.4,0.009593,0.9998,0.025367,1.7435e-06,2.645,66.12,0.2901,2100.0,0.0142611,2.01311927032
eyes-2-pyramid-16-selectivity-2,11310.0,0.76,0.8829,0.672,14840.0,1.766,44.15,1.316,0.2013,53.79,0.003625,0.9996,0.024819,1.6866e-06,2.634,65.83,0.2928,2100.0,0.0122098,2.13790208381
eyes-2-pyramid-16-selectivity-2,10596.0,0.7512,0.9084,0.6287,15330.0,1.817,45.42,1.451,0.2035,55.68,0.003634,0.9977,0.12925,8.379e-06,2.904,72.61,0.3844,2108.0,0.04135,2.19794194351
eyes-2-pyramid-16-selectivity-2,7716.0,0.7542,0.6932,0.4508,11869.0,1.388,34.65,1.537,0.2165,56.2,0.004738,0.9997,0.026329,2.2173e-06,3.079,76.91,0.2977,2137.0,0.0149,1.90575247343
eyes-2-pyramid-16-selectivity-2,6924.0,0.7517,0.5845,0.4103,9868.0,1.17,29.22,1.432,0.8694,17.55,0.001783,0.9984,0.026756,2.6673e-06,2.86,71.49,0.2945,2108.0,0.016767,1.86706577152
eyes-2-pyramid-16-selectivity-2,12640.0,0.7539,0.8681,0.7502,14600.0,1.736,43.41,1.159,0.04372,161.0,0.010989,0.9999,0.03205,2.2135e-06,2.315,57.93,0.2953,2102.0,0.016692,2.09226515122
eyes-2-pyramid-11-selectivity-2,12530.0,0.752,0.9142,0.742,15420.0,1.827,45.71,1.231,0.1471,169.4,0.01098,1.0,0.027455,1.7769e-06,2.465,61.6,0.2919,2106.0,0.014595,2.09637890804
eyes-2-pyramid-11-selectivity-2,9573.33333333,0.76,0.703444444444,0.566,11888.8888889,1.40666666667,35.2,1.24444444444,0.138888888889,121.422222222,0.0103133333333,0.999777777778,0.02574,2.18033333333e-06,2.48777777778,62.2555555556,0.293555555556,2114.44444444,0.0150401111111,2.53588260859
eyes-2-pyramid-11-selectivity-2,11870.0,0.7526,0.827,0.7031,13950.0,1.653,41.33,1.178,0.04025,207.9,0.01495,1.0,0.037107,2.6688e-06,2.354,58.84,0.2959,2106.0,0.0139377,2.09869010167
eyes-2-pyramid-11-selectivity-2,12510.0,0.752,0.8103,0.744,13630.0,1.622,40.51,1.09,0.0513,190.2,0.01396,0.9999,0.036812,2.727e-06,2.182,54.52,0.2949,2100.0,0.0150465,2.09511944114
eyes-2-pyramid-11-selectivity-2,9146.0,0.7539,0.8912,0.5438,14970.0,1.783,44.53,1.642,0.1919,53.14,0.003556,0.9997,0.025646,1.6976e-06,3.287,82.17,0.2924,2100.0,0.0153825,2.44236403484
eyes-2-pyramid-11-selectivity-0,4337.0,0.7547,0.4509,0.2573,7598.0,0.9021,22.57,1.754,0.8921,5.026,0.000664,0.9943,0.029761,3.8538e-06,3.509,87.73,0.2961,2105.0,0.0144473,1.2961015686
eyes-2-pyramid-11-selectivity-0,9441.0,0.7561,0.9973,0.5612,16760.0,1.99,49.77,1.776,0.03952,69.59,0.004153,0.9996,0.031751,1.9171e-06,3.553,88.84,0.2977,2103.0,0.01831,2.22795102174
eyes-2-pyramid-11-selectivity-0,8859.0,0.7513,0.8337,0.5273,14020.0,1.667,41.69,1.593,0.09236,76.34,0.00545,0.9969,0.22853,1.6455e-05,3.19,79.74,0.4662,2101.0,0.08053,2.08833941579
eyes-2-pyramid-11-selectivity-0,12130.0,0.76,0.8492,0.7215,14280.0,1.699,42.44,1.178,0.1357,123.8,0.008687,0.9998,0.031738,2.2039e-06,2.353,58.86,0.2932,2100.0,0.015113,1.96945561805
eyes-2-pyramid-11-selectivity-0,10239.0,0.76,0.8664,0.6087,14570.0,1.734,43.31,1.435,0.2299,60.33,0.004146,0.9936,0.3793,2.602e-05,2.867,71.69,0.683,2100.0,0.10523,1.9871453482
eyes-2-pyramid-11-selectivity-1,12380.0,0.76,0.8454,0.7337,14250.0,1.69,42.27,1.154,0.6098,32.68,0.002275,0.9985,0.032405,2.2756e-06,2.307,57.73,0.2981,2105.0,0.01758,2.09081224517
eyes-2-pyramid-11-selectivity-1,10983.0,0.7522,0.6319,0.6524,10642.0,1.264,31.61,0.9705,0.6363,47.19,0.004446,0.999,0.038651,3.6958e-06,1.94,48.53,0.3022,2103.0,0.0165584,2.22785236461
eyes-2-pyramid-11-selectivity-1,8542.0,0.7484,0.7538,0.5081,12670.0,1.507,37.71,1.497,0.7353,16.826,0.001322,0.9742,0.3865,3.029e-05,2.996,74.86,0.7134,2100.0,0.12028,2.00564067046
eyes-2-pyramid-11-selectivity-1,4749.0,0.7488,0.4943,0.2809,8357.0,0.9884,24.71,1.761,0.8906,5.85,0.0007003,0.9902,0.06113,7.352e-06,3.521,88.02,0.3214,2114.0,0.02535,1.39441528138
eyes-2-pyramid-11-selectivity-1,10460.0,0.76,0.9101,0.6202,15360.0,1.82,45.5,1.471,0.7998,9.175,0.0005954,0.9957,0.031793,2.081e-06,2.939,73.51,0.2976,2108.0,0.01616,2.19442324772
eyes-1-pyramid-16-selectivity-0,9398.0,0.752,0.7176,0.5559,12130.0,1.435,35.87,1.299,0.2097,105.81,0.008728,0.9969,0.308,2.5411e-05,2.596,64.93,0.5507,2110.0,0.11567,2.11692790468
eyes-1-pyramid-16-selectivity-0,10622.0,0.7559,0.7598,0.6305,12810.0,1.519,38.01,1.205,0.07616,140.5,0.01097,0.999,0.13672,1.0669e-05,2.414,60.33,0.3689,2107.0,0.03827,2.25235209537
eyes-1-pyramid-16-selectivity-0,7799.0,0.7533,0.8707,0.4644,14630.0,1.742,43.55,1.875,0.1849,57.27,0.003936,0.9995,0.04581,3.184e-06,3.751,93.73,0.3099,2100.0,0.02326,1.83536680066
eyes-1-pyramid-16-selectivity-0,4662.0,0.7577,0.454,0.2769,7644.0,0.9084,22.71,1.643,0.07415,70.98,0.009327,0.9998,0.027491,3.5672e-06,3.285,82.14,0.2937,2103.0,0.0157511,1.30417050623
eyes-1-pyramid-16-selectivity-0,11940.0,0.7546,0.7129,0.7069,12010.0,1.426,35.63,1.0092,0.05715,158.7,0.013149,0.9998,0.039874,3.2627e-06,2.019,50.45,0.2969,2110.0,0.016382,3.00152579897
eyes-1-pyramid-16-selectivity-1,5989.0,0.7503,0.5014,0.355,8458.0,1.0038,25.08,1.413,0.04794,138.65,0.01636,0.9998,0.02565,2.9808e-06,2.828,70.69,0.2923,2107.0,0.0102683,1.5929227522
eyes-1-pyramid-16-selectivity-1,8549.0,0.7573,0.7349,0.5074,12390.0,1.469,36.75,1.459,0.2619,55.68,0.004497,0.9919,0.4246,3.408e-05,2.914,72.91,0.6695,2105.0,0.10687,1.91853078446
eyes-1-pyramid-16-selectivity-1,7868.0,0.754,0.5784,0.4655,9760.0,1.156,28.92,1.243,0.1946,120.3,0.01232,0.9998,0.028951,2.9961e-06,2.487,62.18,0.2953,2112.0,0.016078,1.90516197765
eyes-1-pyramid-16-selectivity-1,12560.0,0.7516,0.8205,0.7461,13790.0,1.641,41.02,1.1,0.6806,43.15,0.003126,0.9992,0.029721,2.1597e-06,2.2,55.0,0.295,2100.0,0.0173514,2.06761089043
eyes-1-pyramid-16-selectivity-1,7615.0,0.7527,0.8681,0.448,14770.0,1.735,43.41,1.941,0.2522,46.74,0.003165,0.9994,0.030658,2.1285e-06,3.878,97.01,0.2975,2125.0,0.0144628,2.06437685226
eyes-1-pyramid-16-selectivity-2,11440.0,0.7519,0.9628,0.6804,16170.0,1.924,48.13,1.416,0.6597,21.35,0.001322,0.9985,0.024445,1.5024e-06,2.83,70.77,0.2936,2100.0,0.01649,1.96069529488
eyes-1-pyramid-16-selectivity-2,6219.0,0.7527,0.5309,0.3692,8943.0,1.062,26.54,1.439,0.07738,76.54,0.008565,0.9998,0.0292,3.255e-06,2.875,71.91,0.2964,2105.0,0.016246,1.52183852621
eyes-1-pyramid-16-selectivity-2,7363.0,0.7511,0.7049,0.4321,12010.0,1.412,35.22,1.642,0.11965,72.13,0.006029,0.998,0.1422,1.1627e-05,3.282,82.06,0.3902,2127.0,0.04231,1.71810791955
eyes-1-pyramid-16-selectivity-2,9963.0,0.7508,0.8683,0.5928,14610.0,1.736,43.42,1.473,0.7587,18.02,0.001228,0.976,0.3662,2.532e-05,2.948,73.7,0.6885,2103.0,0.10245,1.98959243126
eyes-1-pyramid-16-selectivity-2,12500.0,0.7542,0.8372,0.7433,14060.0,1.675,41.86,1.128,0.1462,107.17,0.00759,0.9997,0.05351,3.794e-06,2.256,56.36,0.3071,2100.0,0.019714,1.97876504963
eyes-2-pyramid-9-selectivity-0,7751.0,0.7558,0.5629,0.4587,9510.0,1.1274,28.15,1.23,0.06401,143.7,0.01515,0.9999,0.026257,2.7816e-06,2.459,61.51,0.2934,2112.0,0.0111594,0.748320581101
eyes-2-pyramid-9-selectivity-0,10562.0,0.7577,0.7301,0.6256,12320.0,1.459,36.51,1.172,0.1632,117.8,0.009563,0.9997,0.03878,3.1932e-06,2.345,58.6,0.2997,2109.0,0.01903,0.882374962165
eyes-2-pyramid-9-selectivity-0,12710.0,0.76,0.8795,0.7551,14790.0,1.758,43.99,1.164,0.1351,140.25,0.009417,0.9998,0.02956,2.0036e-06,2.33,58.25,0.2922,2100.0,0.01496,0.872214622167
eyes-2-pyramid-9-selectivity-0,9311.0,0.7559,0.5991,0.5542,10067.0,1.199,29.96,1.082,0.221,143.2,0.01426,0.9998,0.027923,2.8195e-06,2.166,54.13,0.2905,2100.0,0.0154547,1.02226826496
eyes-2-pyramid-9-selectivity-0,6371.0,0.7491,0.4941,0.3659,8602.0,0.9884,24.7,1.357,0.1977,99.22,0.01155,0.9997,0.032776,3.7512e-06,2.713,67.85,0.3062,2178.0,0.01663,0.845895177314
eyes-1-pyramid-20-selectivity-2,8916.0,0.7507,0.6865,0.5295,11570.0,1.373,34.33,1.303,0.0664,146.4,0.01283,0.9998,0.030662,2.7284e-06,2.603,65.09,0.2942,2104.0,0.0159955,2.35183559182
eyes-1-pyramid-20-selectivity-2,6743.0,0.76,0.6896,0.3999,11640.0,1.38,34.48,1.738,0.8058,6.447,0.0005528,0.9931,0.031764,2.7267e-06,3.475,86.9,0.2984,2108.0,0.0177385,2.03073904125
eyes-1-pyramid-20-selectivity-2,7660.0,0.7481,0.9037,0.4539,15240.0,1.807,45.18,1.993,0.7277,17.15,0.001127,0.9974,0.04631,3.069e-06,3.982,99.52,0.3104,2108.0,0.020104,1.92479346981
eyes-1-pyramid-20-selectivity-2,12630.0,0.7543,0.9121,0.7505,15340.0,1.823,45.59,1.216,0.5295,67.62,0.004378,0.9997,0.027861,1.8156e-06,2.433,60.8,0.2935,2101.0,0.010604,2.05664203601
eyes-1-pyramid-20-selectivity-2,10590.0,0.7526,0.8784,0.6298,14780.0,1.756,43.93,1.399,0.7149,36.12,0.002449,0.996,0.14423,9.802e-06,2.798,69.91,0.3799,2100.0,0.03892,2.2068513795
eyes-1-pyramid-20-selectivity-1,8876.0,0.76,0.8374,0.5254,14130.0,1.675,41.86,1.597,0.03089,146.3,0.010338,0.9998,0.03085,2.1701e-06,3.194,79.83,0.2957,2111.0,0.015472,2.47279789348
eyes-1-pyramid-20-selectivity-1,10680.0,0.7563,0.6995,0.635,11770.0,1.401,35.0,1.1039,0.04609,183.1,0.01543,0.9998,0.035231,3.0357e-06,2.206,55.16,0.296,2103.0,0.0168684,2.12646800989
eyes-1-pyramid-20-selectivity-1,12610.0,0.7536,0.9039,0.7475,15220.0,1.808,45.21,1.209,0.03398,179.2,0.011636,1.0,0.028215,1.8245e-06,2.417,60.44,0.2931,2107.0,0.015548,2.53430980253
eyes-1-pyramid-20-selectivity-1,10134.0,0.7577,0.6074,0.6016,10232.0,1.2148,30.36,1.0141,0.1591,170.7,0.01667,0.9997,0.0385,3.921e-06,2.029,50.75,0.2983,2103.0,0.018475,2.15604185596
eyes-1-pyramid-20-selectivity-1,12040.0,0.7577,0.9695,0.7147,16320.0,1.938,48.47,1.357,0.05819,145.7,0.008935,0.9988,0.17514,1.0838e-05,2.715,67.86,0.3861,2105.0,0.04668,2.16093031098
eyes-1-pyramid-20-selectivity-0,11930.0,0.7549,0.8907,0.7096,14980.0,1.781,44.54,1.258,0.6513,28.68,0.00191,0.9991,0.02563,1.7056e-06,2.512,62.82,0.2923,2102.0,0.0136121,2.02668209933
eyes-1-pyramid-20-selectivity-0,9471.11111111,0.757222222222,0.978333333333,0.544666666667,17055.5555556,1.96111111111,48.9555555556,1.8,0.780777777778,13.5888888889,0.000799222222222,0.997111111111,0.0419888888889,2.52088888889e-06,3.60555555556,90.1333333333,0.318111111111,2174.44444444,0.0199566666667,2.54068270277
eyes-1-pyramid-20-selectivity-0,11023.0,0.7522,0.762,0.655,12820.0,1.525,38.09,1.165,0.1531,95.44,0.007483,0.9996,0.05687,4.468e-06,2.33,58.3,0.3157,2103.0,0.022666,2.20741633148
eyes-1-pyramid-20-selectivity-0,8581.0,0.76,0.8308,0.5086,14020.0,1.662,41.56,1.641,0.11126,65.88,0.004708,0.9982,0.11224,8.045e-06,3.281,82.05,0.3522,2108.0,0.03766,2.0952315066
eyes-1-pyramid-20-selectivity-0,11740.0,0.7509,0.7872,0.6956,13300.0,1.574,39.36,1.134,0.5669,63.27,0.004741,0.9998,0.028964,2.1671e-06,2.27,56.75,0.2948,2111.0,0.0143895,2.18691298599
eyes-1-pyramid-9-selectivity-2,10739.0,0.76,0.7432,0.6382,12490.0,1.485,37.14,1.168,0.06356,213.1,0.01708,0.999,0.1952,1.5546e-05,2.332,58.34,0.4031,2101.0,0.0482,2.45313577451
eyes-1-pyramid-9-selectivity-2,14143.3333333,0.759,0.838,0.687444444444,17230.0,1.67666666667,41.9155555556,1.21888888889,0.345,66.5333333333,0.00389111111111,0.989555555556,0.665,3.85111111111e-05,2.43666666667,60.9333333333,1.11322222222,2525.55555556,0.1723,2.26072759517
eyes-1-pyramid-9-selectivity-2,6243.0,0.7587,0.7408,0.3715,12450.0,1.482,37.04,1.994,0.7822,15.83,0.001273,0.9974,0.04183,3.389e-06,3.99,99.82,0.3075,2100.0,0.013147,1.75702006874
eyes-1-pyramid-9-selectivity-2,9109.0,0.7569,0.842,0.5421,14160.0,1.684,42.09,1.556,0.8043,10.32,0.0007283,0.9839,0.15009,1.0565e-05,3.115,77.86,0.3778,2100.0,0.0464,2.11523954521
eyes-1-pyramid-9-selectivity-2,5964.0,0.76,0.5143,0.3535,8671.0,1.0285,25.72,1.456,0.2337,91.75,0.010691,0.9997,0.031645,3.5187e-06,2.914,72.85,0.2959,2106.0,0.0174784,1.63249401498
eyes-1-pyramid-9-selectivity-1,11360.0,0.7532,0.7752,0.6727,13070.0,1.551,38.76,1.155,0.1685,116.4,0.008911,0.9998,0.026607,1.9825e-06,2.309,57.74,0.2929,2106.0,0.0151437,1.81636990427
eyes-1-pyramid-9-selectivity-1,11806.0,0.7487,0.7661,0.7026,12885.0,1.532,38.3,1.093,0.05233,204.6,0.01585,0.9999,0.035561,3.0309e-06,2.188,54.65,0.2951,2101.0,0.018567,1.91603128292
eyes-1-pyramid-9-selectivity-1,11020.0,0.76,0.7755,0.655,13060.0,1.551,38.76,1.184,0.04762,130.8,0.010047,0.9997,0.06844,5.232e-06,2.367,59.2,0.3172,2103.0,0.024255,2.32884375606
eyes-1-pyramid-9-selectivity-1,6384.0,0.7531,0.5473,0.3767,9278.0,1.0941,27.37,1.455,0.1866,101.83,0.010965,0.9998,0.02707,2.868e-06,2.909,72.71,0.2947,2118.0,0.0148796,1.29107111675
eyes-1-pyramid-9-selectivity-1,9760.0,0.76,0.993666666667,0.562777777778,17244.4444444,1.98777777778,49.7111111111,1.78222222222,0.0308111111111,73.0333333333,0.00423888888889,0.999777777778,0.0294066666667,1.70277777778e-06,3.56888888889,89.3222222222,0.305333333333,2167.77777778,0.0155546666667,2.06980175853
eyes-1-pyramid-9-selectivity-0,11600.0,0.7531,0.7274,0.6878,12270.0,1.455,36.36,1.0636,0.6647,44.86,0.003659,0.9994,0.028343,2.2977e-06,2.126,53.15,0.295,2108.0,0.016391,2.25539466928
eyes-1-pyramid-9-selectivity-0,6398.88888889,0.752777777778,0.708111111111,0.375,12077.7777778,1.41777777778,35.4,1.88888888889,0.0701,73.6666666667,0.00609555555556,0.999777777778,0.0263,2.21444444444e-06,3.77666666667,94.4,0.297888888889,2132.22222222,0.0171566666667,1.45889182867
eyes-1-pyramid-9-selectivity-0,6803.61428571,0.647928571429,0.691064857143,0.404321428571,11605.1928571,1.38099428571,34.5532428571,1.44092857143,0.668571428571,10.1696,0.0017815,0.919428571429,0.036335,0.000314740857143,2.88285714286,72.1142857143,0.308785714286,2146.42857143,0.0174621428571,3.30736177858
eyes-1-pyramid-9-selectivity-0,10304.0,0.7599,0.8991,0.6085,15220.0,1.8,44.95,1.484,0.7489,16.38,0.0010733,0.9972,0.039843,2.5893e-06,2.966,74.17,0.3033,2116.0,0.016687,1.98052999101
eyes-1-pyramid-9-selectivity-0,11012.0,0.7535,0.9253,0.6532,15610.0,1.849,46.26,1.417,0.7308,30.96,0.001968,0.9993,0.0238619,1.53549e-06,2.834,70.83,0.2921,2106.0,0.0110483,2.10611500041
eyes-1-pyramid-11-selectivity-2,11590.0,0.7533,0.8858,0.6897,14890.0,1.77,44.29,1.286,0.078,72.5,0.004868,0.9998,0.024423,1.6271e-06,2.573,64.28,0.293,2100.0,0.0141935,2.25900477585
eyes-1-pyramid-11-selectivity-2,10617.0,0.76,0.6039,0.6283,10209.0,1.208,30.19,0.9613,0.1488,112.28,0.011083,0.9998,0.031697,3.0516e-06,1.923,48.04,0.2964,2112.0,0.012168,2.22022816174
eyes-1-pyramid-11-selectivity-2,12300.0,0.7532,0.8767,0.7306,14750.0,1.754,43.83,1.201,0.06101,110.28,0.007394,0.9997,0.027118,1.8562e-06,2.402,60.04,0.2934,2101.0,0.0152746,2.01799950504
eyes-1-pyramid-11-selectivity-2,11080.0,0.7545,0.9289,0.6581,15660.0,1.858,46.45,1.412,0.7419,28.48,0.001821,0.9977,0.06456,4.191e-06,2.827,70.65,0.3195,2104.0,0.02428,2.14691126545
eyes-1-pyramid-11-selectivity-2,12312.0,0.7598,0.8648,0.7312,14530.0,1.728,43.23,1.187,0.6853,28.64,0.001985,0.9993,0.023666,1.6236e-06,2.372,59.3,0.2913,2101.0,0.0108265,2.04353751649
eyes-1-pyramid-11-selectivity-1,8871.0,0.728363636364,0.552686363636,0.527213636364,9302.81818182,1.10628181818,27.6252727273,1.06154545455,0.222727272727,143.374545455,0.0140858181818,0.963363636364,0.04111,2.81904545455e-05,2.12181818182,53.0545454545,0.300545454545,2102.72727273,0.0191163636364,2.02091676564
eyes-1-pyramid-11-selectivity-1,12470.0,0.7516,0.8653,0.7374,14630.0,1.732,43.27,1.174,0.1652,128.78,0.008754,0.9992,0.10665,7.527e-06,2.348,58.72,0.3551,2112.0,0.03621,2.32808934855
eyes-1-pyramid-11-selectivity-1,10471.0,0.7526,0.8199,0.621,13820.0,1.64,41.01,1.324,0.1529,39.15,0.002837,0.9992,0.032883,2.4559e-06,2.646,66.18,0.2988,2106.0,0.018562,2.24221488261
eyes-1-pyramid-11-selectivity-1,12650.0,0.76,0.8799,0.7498,14830.0,1.76,43.96,1.175,0.1454,135.78,0.009083,0.9998,0.02818,1.9349e-06,2.348,58.69,0.2944,2106.0,0.015121,2.34857527587
eyes-1-pyramid-11-selectivity-1,6038.0,0.7511,0.5284,0.3569,8934.0,1.0568,26.45,1.481,0.2391,93.29,0.010454,0.9996,0.05958,6.585e-06,2.961,74.04,0.3149,2114.0,0.021942,2.00680579092
eyes-1-pyramid-11-selectivity-0,11822.0,0.7487,0.8733,0.7036,14692.0,1.746,43.67,1.247,0.07206,130.45,0.008869,0.998,0.2365,1.6088e-05,2.491,62.29,0.46,2103.0,0.07291,2.50059775365
eyes-1-pyramid-11-selectivity-0,10990.0,0.753,0.8447,0.6537,14200.0,1.69,42.22,1.291,0.6012,15.39,0.001089,0.9979,0.0343,2.4804e-06,2.583,64.58,0.2988,2101.0,0.018556,2.17305300284
eyes-1-pyramid-11-selectivity-0,12640.0,0.76,0.8712,0.7499,14690.0,1.743,43.56,1.161,0.0714,127.74,0.008705,0.9998,0.03034,2.1136e-06,2.325,58.09,0.2956,2106.0,0.016503,1.57001510227
eyes-1-pyramid-11-selectivity-0,7704.075,0.682333333333,0.67020725,0.4393075,11767.7025,1.340415,33.514525,1.43691666667,0.11765,120.657391667,0.0094775,0.889,0.0389858333333,0.000555782416667,2.87475,71.875,0.313583333333,2177.5,0.0147666666667,2.90315086746
eyes-1-pyramid-11-selectivity-0,9384.44444444,0.76,0.826888888889,0.554444444444,14000.0,1.65444444444,41.3444444444,1.49777777778,0.0490333333333,145.111111111,0.0103888888889,0.999666666667,0.0633777777778,4.61666666667e-06,2.99222222222,74.8333333333,0.319333333333,2116.66666667,0.0255333333333,1.85460611433
eyes-2-pyramid-18-selectivity-2,9897.27272727,0.748636363636,0.848272727273,0.588,14251.8181818,1.69709090909,42.4090909091,1.44,0.803545454545,10.1954545455,0.000733545454545,0.968090909091,0.272181818182,2.23954545455e-05,2.88181818182,72.0272727273,0.572,2100.90909091,0.0841181818182,2.78338615472
eyes-2-pyramid-18-selectivity-2,11437.0,0.7521,0.8534,0.6806,14370.0,1.707,42.66,1.259,0.6646,39.43,0.002741,0.9909,0.35558,2.4484e-05,2.52,62.95,0.6558,2101.0,0.09529,2.44446758773
eyes-2-pyramid-18-selectivity-2,12407.0,0.7488,0.834,0.7356,14060.0,1.668,41.68,1.135,0.7376,35.45,0.002521,0.9994,0.021566,1.5481e-06,2.268,56.73,0.2917,2107.0,0.0083024,2.39484423735
eyes-2-pyramid-18-selectivity-2,12550.0,0.7537,0.943,0.7448,15860.0,1.884,47.11,1.265,0.5822,67.94,0.004276,0.9985,0.09408,5.981e-06,2.53,63.26,0.3484,2104.0,0.03164,2.07517089712
eyes-2-pyramid-18-selectivity-2,11553.1818182,0.756272727273,0.704463636364,0.685790909091,11838.6363636,1.40891818182,35.2227272727,1.02927272727,0.145727272727,94.0809090909,0.00786545454545,0.999272727273,0.0272936363636,5.62145454545e-06,2.05909090909,51.4636363636,0.292181818182,2100.90909091,0.0123981818182,3.18429946541
eyes-2-pyramid-18-selectivity-1,10157.0,0.7509,0.6424,0.602,10861.0,1.285,32.13,1.0699,0.716,47.03,0.004314,0.9991,0.04062,3.8418e-06,2.14,53.48,0.3002,2112.0,0.016027,2.37794913254
eyes-2-pyramid-18-selectivity-1,5965.0,0.7542,0.4957,0.3531,8372.0,0.9914,24.79,1.433,0.2479,57.09,0.006871,0.9934,0.36141,4.1525e-05,2.865,71.63,0.5896,2112.0,0.14197,1.42022408172
eyes-2-pyramid-18-selectivity-1,11132.0,0.7514,0.9089,0.6603,15340.0,1.817,45.45,1.375,0.142,116.8,0.007617,0.9998,0.031602,2.0431e-06,2.753,68.8,0.2967,2106.0,0.018181,2.36727802416
eyes-2-pyramid-18-selectivity-1,8988.0,0.7595,0.8294,0.5343,13962.0,1.66,41.47,1.55,0.7806,18.239,0.001281,0.998,0.028025,2.2376e-06,3.102,77.56,0.2947,2105.0,0.0123067,1.69165031502
eyes-2-pyramid-18-selectivity-1,7393.0,0.76,0.6067,0.438,10245.0,1.2135,30.35,1.392,0.2898,55.69,0.005449,0.9898,0.5432,5.212e-05,2.784,69.6,0.8525,2108.0,0.17603,1.1445674374
eyes-2-pyramid-18-selectivity-0,12520.0,0.7515,0.7599,0.7426,12820.0,1.519,37.99,1.0228,0.06998,116.37,0.00909,0.9999,0.029421,2.2685e-06,2.044,51.13,0.2951,2108.0,0.0165651,2.23258720226
eyes-2-pyramid-18-selectivity-0,10552.0,0.7539,0.8665,0.6254,14640.0,1.734,43.33,1.387,0.05013,72.58,0.004979,0.9997,0.027414,1.8463e-06,2.773,69.33,0.294,2109.0,0.014947,1.95360477745
eyes-2-pyramid-18-selectivity-0,8662.0,0.7577,0.8797,0.5149,14770.0,1.758,43.98,1.737,0.7952,10.428,0.0007145,0.9972,0.027278,1.8383e-06,3.473,86.8,0.2951,2100.0,0.015601,1.71977662157
eyes-2-pyramid-18-selectivity-0,4960.0,0.7488,0.4324,0.2946,7279.0,0.8643,21.65,1.501,0.1718,54.96,0.007657,0.9996,0.026195,3.5875e-06,3.003,75.07,0.2926,2103.0,0.0156825,1.55240838131
eyes-2-pyramid-18-selectivity-0,5708.0,0.7524,0.502,0.3387,8457.0,1.005,25.09,1.487,0.0759,69.85,0.008328,0.9998,0.027997,3.2598e-06,2.973,74.31,0.2946,2104.0,0.016848,1.3826877582
eyes-0-pyramid-9-selectivity-2,12190.0,0.7577,0.7557,0.7221,12750.0,1.512,37.77,1.0477,0.10292,121.8,0.009549,0.9977,0.2784,2.176e-05,2.095,52.37,0.4741,2109.0,0.08003,2.18960925133
eyes-0-pyramid-9-selectivity-2,7176.0,0.7491,0.5544,0.4253,9354.0,1.108,27.72,1.309,0.2134,56.44,0.006041,0.9996,0.026838,2.7617e-06,2.617,65.47,0.2947,2108.0,0.013525,1.95220693505
eyes-0-pyramid-9-selectivity-2,12330.0,0.756,0.9222,0.7334,15500.0,1.846,46.11,1.257,0.1677,111.85,0.007224,0.9986,0.13277,8.691e-06,2.514,62.86,0.3739,2101.0,0.03319,2.66686719154
eyes-0-pyramid-9-selectivity-2,5699.0,0.7509,0.4884,0.3389,8211.0,0.9757,24.42,1.44,0.045,144.0,0.01773,0.9998,0.031724,3.898e-06,2.883,72.07,0.2958,2101.0,0.017671,1.84386386755
eyes-0-pyramid-9-selectivity-2,9273.0,0.7549,0.8703,0.5492,14680.0,1.74,43.5,1.588,0.6861,19.92,0.0013545,0.9984,0.025275,1.7203e-06,3.175,79.37,0.2936,2108.0,0.014804,2.77102405218
eyes-0-pyramid-9-selectivity-0,11740.0,0.7521,0.8661,0.6977,14570.0,1.733,43.32,1.244,0.1591,150.58,0.010311,0.9996,0.09268,6.365e-06,2.488,62.22,0.3432,2103.0,0.02479,1.4821653146
eyes-0-pyramid-9-selectivity-0,11252.7272727,0.747090909091,0.813727272727,0.668636363636,13681.8181818,1.626,40.6818181818,1.22,0.0471363636364,176.981818182,0.0129281818182,0.999272727273,0.112072727273,9.83854545455e-06,2.44090909091,61.0090909091,0.341,2102.72727273,0.0313090909091,1.086987874
eyes-0-pyramid-9-selectivity-0,11071.4285714,0.76,0.871428571429,0.659857142857,14628.5714286,1.74428571429,43.5857142857,1.32142857143,0.541142857143,34.9,0.00238142857143,0.999142857143,0.0260485714286,1.79128571429e-06,2.64142857143,66.0571428571,0.292714285714,2100.0,0.0144042857143,0.87958881961
eyes-0-pyramid-9-selectivity-0,11490.0,0.7548,0.7412,0.6826,12460.0,1.484,37.04,1.086,0.05063,212.6,0.01708,0.9999,0.0334,2.6951e-06,2.172,54.33,0.2946,2100.0,0.017089,1.37505140951
eyes-0-pyramid-9-selectivity-0,12430.0,0.7561,0.9249,0.7381,15570.0,1.849,46.25,1.254,0.729,39.7,0.002548,0.9993,0.026826,1.7188e-06,2.508,62.67,0.2929,2103.0,0.014843,0.858668431011
eyes-0-pyramid-9-selectivity-1,8686.0,0.7589,0.6071,0.516,10216.0,1.2145,30.36,1.187,0.2373,92.76,0.009121,0.9995,0.04669,4.507e-06,2.374,59.35,0.3042,2103.0,0.020326,2.65245833929
eyes-0-pyramid-9-selectivity-1,8797.0,0.76,0.994,0.5234,16730.0,1.991,49.8,1.906,0.1523,49.79,0.002976,0.9995,0.024307,1.4563e-06,3.816,95.36,0.2926,2100.0,0.012939,2.5987458557
eyes-0-pyramid-9-selectivity-1,4531.11111111,0.750333333333,0.446,0.266444444444,7583.33333333,0.892333333333,22.3,1.67888888889,0.0736777777778,77.2111111111,0.01033,0.999555555556,0.0512666666667,6.57111111111e-06,3.35777777778,83.9666666667,0.313666666667,2122.22222222,0.0165044444444,1.42394974797
eyes-0-pyramid-9-selectivity-1,9907.0,0.7489,0.7487,0.5863,12638.0,1.499,37.41,1.282,0.7614,28.92,0.002288,0.9878,0.3364,2.7e-05,2.562,64.04,0.6765,2110.0,0.11093,3.71211758925
eyes-0-pyramid-9-selectivity-1,11698.0,0.7499,0.8538,0.694,14400.0,1.707,42.69,1.232,0.1986,54.82,0.003808,0.9995,0.035656,2.5668e-06,2.467,61.65,0.2984,2106.0,0.01542,2.98250414171
eyes-1-pyramid-5-selectivity-2,12010.0,0.7504,0.8912,0.7138,15010.0,1.784,44.57,1.248,0.7224,27.22,0.001815,0.9986,0.033499,2.266e-06,2.495,62.41,0.2975,2103.0,0.017711,2.48787899254
eyes-1-pyramid-5-selectivity-2,9317.0,0.7517,0.5828,0.5536,9809.0,1.167,29.17,1.0547,0.07217,138.7,0.01426,0.9999,0.026602,2.6893e-06,2.107,52.71,0.292,2103.0,0.011287,2.88406928718
eyes-1-pyramid-5-selectivity-2,11050.0,0.7588,0.921,0.6553,15510.0,1.842,46.04,1.407,0.719,31.66,0.002037,0.9993,0.026545,1.7116e-06,2.811,70.3,0.2943,2107.0,0.013779,2.23886842808
eyes-1-pyramid-5-selectivity-2,9402.0,0.7526,0.8811,0.5541,14940.0,1.763,44.04,1.594,0.0729,68.74,0.004603,0.9997,0.029058,1.9058e-06,3.187,79.68,0.2962,2119.0,0.016772,2.46262555623
eyes-1-pyramid-5-selectivity-2,12400.0,0.7513,0.776,0.7363,13060.0,1.553,38.81,1.0565,0.1761,113.38,0.008617,0.9974,0.2876,2.181e-05,2.112,52.8,0.5155,2103.0,0.08999,2.4092791149
eyes-1-pyramid-5-selectivity-1,8614.0,0.7556,0.5972,0.512,10042.0,1.194,29.84,1.171,0.10666,141.8,0.01418,0.9972,0.4027,4.02e-05,2.342,58.55,0.6555,2103.0,0.10734,3.03590140157
eyes-1-pyramid-5-selectivity-1,7426.58,0.634,0.378099,0.299767,9674.38,0.755795,18.90492,1.0557,0.16288,149.86301,0.012027,0.7985,0.06129,0.000869321,2.1113,52.81,0.426,2910.0,0.023935,3.56351316267
eyes-1-pyramid-5-selectivity-1,6296.54615385,0.660846153846,0.391901,0.373293846154,6613.83076923,0.783494615385,19.5989,0.949153846154,0.136076923077,165.111784615,0.0206269230769,0.910230769231,0.0251184615385,0.000477268846154,1.89930769231,47.4615384615,0.294615384615,2104.61538462,0.00859384615385,3.15171738677
eyes-1-pyramid-5-selectivity-1,28087.5,0.75775,0.6815,0.54325,34925.0,1.36225,34.1,1.285,0.024925,355.875,0.0119175,0.99975,0.118125,4.5875e-06,2.5625,64.075,0.8045,5645.0,0.043,3.16843983871
eyes-1-pyramid-5-selectivity-1,8160.0,0.75825,0.604625,0.48175,10242.5,1.21,30.25,1.25625,0.160125,137.0125,0.01330125,0.9985,0.22725,2.21e-05,2.51625,62.8625,0.421125,2117.5,0.0483,2.67045914025
eyes-1-pyramid-5-selectivity-0,12210.0,0.7517,0.868,0.7228,14640.0,1.736,43.4,1.202,0.5674,69.62,0.004771,0.9997,0.027602,1.8778e-06,2.4,60.04,0.295,2110.0,0.015222,3.04222843187
eyes-1-pyramid-5-selectivity-0,6497.0,0.7589,0.7124,0.3846,12030.0,1.425,35.63,1.852,0.0764,65.17,0.00542,0.9995,0.036015,3.0653e-06,3.707,92.64,0.3002,2112.0,0.0124996,1.51282888512
eyes-1-pyramid-5-selectivity-0,12470.0,0.76,0.893,0.7416,15010.0,1.787,44.65,1.206,0.03505,190.5,0.012631,0.9999,0.024891,1.662e-06,2.408,60.24,0.289,2102.0,0.0080085,2.06408721864
eyes-1-pyramid-5-selectivity-0,8441.0,0.7539,0.6043,0.4934,10314.0,1.208,30.2,1.25,0.7236,49.54,0.004763,0.9995,0.034238,3.3037e-06,2.506,62.59,0.3008,2134.0,0.0176487,2.93955657257
eyes-1-pyramid-5-selectivity-0,9228.75,0.75175,0.57325,0.47625,11132.5,1.1475,28.6625,1.20375,0.216375,117.75,0.0106,0.999875,0.03297,2.98725e-06,2.40625,60.1625,0.337625,2421.25,0.01726875,2.19569128767
eyes-0-pyramid-11-selectivity-0,11990.0,0.76,0.7937,0.7117,13360.0,1.588,39.7,1.1168,0.1529,125.65,0.009281,0.9997,0.03706,2.7906e-06,2.233,55.81,0.2983,2106.0,0.018373,4.13271065256
eyes-0-pyramid-11-selectivity-0,9559.81818182,0.731909090909,0.732418181818,0.565354545455,12399.8181818,1.46447272727,36.6163636364,1.29090909091,0.665727272727,16.591,0.00139072727273,0.987909090909,0.0341909090909,2.08204545455e-05,2.58272727273,64.5909090909,0.301,2111.81818182,0.0174490909091,2.2299333232
eyes-0-pyramid-11-selectivity-0,11916.25,0.76,0.998,0.564,21037.5,2.0,50.0,1.775,0.0587375,89.35,0.00424125,0.999375,0.0675125,3.09125e-06,3.55,88.75,0.39125,2628.75,0.029075,3.97764867386
eyes-0-pyramid-11-selectivity-0,8078.0,0.76,0.6225,0.48,10482.0,1.245,31.11,1.312,0.7491,32.63,0.003096,0.9986,0.036753,3.4951e-06,2.627,65.63,0.2997,2103.0,0.02034,2.08010486156
eyes-0-pyramid-11-selectivity-0,9182.54545455,0.713363636364,0.746445545455,0.540569090909,12655.9272727,1.49289090909,37.3131909091,1.29718181818,0.654090909091,14.3284545455,0.00171127272727,0.940454545455,0.03075,0.000411756181818,2.59518181818,64.8727272727,0.301272727273,2118.18181818,0.0160109090909,2.47255864237
eyes-0-pyramid-11-selectivity-1,9073.0,0.7521,0.8554,0.5396,14370.0,1.711,42.77,1.586,0.5738,24.45,0.001711,0.9991,0.022116,1.5365e-06,3.174,79.33,0.2911,2100.0,0.0115437,2.56107173607
eyes-0-pyramid-11-selectivity-1,7059.0,0.7504,0.5401,0.4186,9104.0,1.0793,27.0,1.29,0.08493,72.17,0.007942,0.9995,0.039113,4.6898e-06,2.581,64.5,0.3008,2108.0,0.01393,2.75309675754
eyes-0-pyramid-11-selectivity-1,8668.0,0.7588,0.6453,0.5116,10937.0,1.292,32.26,1.264,0.7912,29.59,0.002695,0.9956,0.12358,1.1242e-05,2.53,63.26,0.3628,2117.0,0.032588,2.73169882629
eyes-0-pyramid-11-selectivity-1,9570.0,0.76,0.7209,0.5676,12150.0,1.443,36.04,1.271,0.1532,140.6,0.011566,0.9999,0.027788,2.2635e-06,2.542,63.57,0.2927,2106.0,0.0153003,2.4430924018
eyes-0-pyramid-11-selectivity-1,7487.77777778,0.753777777778,0.598888888889,0.436222222222,10302.2222222,1.19755555556,29.9555555556,1.38555555556,0.325666666667,48.5444444444,0.00466888888889,0.988777777778,0.514444444444,4.93444444444e-05,2.77444444444,69.3111111111,0.748333333333,2162.22222222,0.199266666667,2.00929741437
eyes-0-pyramid-11-selectivity-2,6830.0,0.7523,0.5317,0.4037,8994.0,1.0649,26.59,1.321,0.07943,76.51,0.008534,0.9998,0.02471,2.84e-06,2.643,66.05,0.2959,2115.0,0.011967,1.65511108207
eyes-0-pyramid-11-selectivity-2,9151.0,0.7597,0.7136,0.5438,12007.0,1.426,35.68,1.314,0.7128,19.72,0.001632,0.9978,0.030762,2.6114e-06,2.63,65.71,0.2988,2104.0,0.011007,2.23996977291
eyes-0-pyramid-11-selectivity-2,8072.0,0.7509,0.6186,0.4787,10433.0,1.238,30.92,1.314,0.7767,40.38,0.003834,0.9992,0.02909,2.798e-06,2.624,65.63,0.2942,2106.0,0.014106,2.15092168479
eyes-0-pyramid-11-selectivity-2,10475.0,0.7588,0.6798,0.6222,11440.0,1.358,33.98,1.096,0.7015,47.13,0.004113,0.9895,0.486,4.202e-05,2.192,54.79,0.7606,2101.0,0.16179,2.97339253618
eyes-0-pyramid-11-selectivity-2,8798.0,0.7595,0.6853,0.5222,11541.0,1.37,34.26,1.314,0.2076,135.0,0.01168,0.9998,0.040531,3.5637e-06,2.627,65.67,0.2971,2107.0,0.0138064,3.41159210462
eyes-0-pyramid-20-selectivity-0,7404.0,0.76,0.5549,0.4379,9382.0,1.1089,27.74,1.274,0.09093,77.51,0.008285,0.9997,0.034421,3.7185e-06,2.548,63.7,0.3002,2113.0,0.016431,0.630217590188
eyes-0-pyramid-20-selectivity-0,13731.25,0.74875,0.746375,0.64225,15900.0,1.49375,37.325,1.1625,0.0429875,257.75,0.0161625,0.999875,0.051985,2.922e-06,2.325,58.1,0.37875,2693.75,0.02169875,0.811964764023
eyes-0-pyramid-20-selectivity-0,8073.0,0.7534,0.7775,0.476,13160.0,1.555,38.86,1.639,0.05391,75.48,0.005744,0.9998,0.030531,2.3265e-06,3.278,81.95,0.2975,2118.0,0.0168358,1.14454199075
eyes-0-pyramid-20-selectivity-0,11312.0,0.7518,0.686,0.6346,12181.0,1.3738,34.31,1.089,0.1656,86.27,0.007029,0.9997,0.033323,2.9622e-06,2.179,54.44,0.3094,2209.0,0.0146334,0.939838870512
eyes-0-pyramid-20-selectivity-0,11045.0,0.7519,0.7157,0.6518,12130.0,1.431,35.77,1.097,0.1545,162.2,0.0134,0.9998,0.029802,2.4469e-06,2.194,54.88,0.2932,2117.0,0.0165156,1.03930143452
eyes-0-pyramid-20-selectivity-1,8842.0,0.7596,0.7836,0.5186,13340.0,1.5654,39.19,1.509,0.2051,92.65,0.006931,0.9997,0.027168,2.1602e-06,3.02,75.51,0.2966,2126.0,0.014555,2.63280253823
eyes-0-pyramid-20-selectivity-1,7735.6,0.7277,0.48932,0.39273,9620.8,0.97974,24.461,1.249,0.2573,145.9515,0.01397,0.9896,0.0672,2.315e-05,2.499,62.45,0.3531,2401.0,0.025789,2.65900164109
eyes-0-pyramid-20-selectivity-1,8906.0,0.7528,0.6134,0.5271,10363.0,1.226,30.69,1.169,0.6531,47.27,0.004552,0.988,0.5509,5.275e-05,2.341,58.52,0.7925,2111.0,0.1907,2.35683223498
eyes-0-pyramid-20-selectivity-1,11760.0,0.7496,0.9283,0.6983,15650.0,1.858,46.43,1.334,0.1666,110.18,0.007037,0.9997,0.030177,2.0371e-06,2.669,66.71,0.2959,2106.0,0.0163339,2.36860305194
eyes-0-pyramid-20-selectivity-1,12540.0,0.7545,0.8617,0.7442,14510.0,1.724,43.07,1.159,0.7012,32.26,0.002221,0.9991,0.026447,1.8386e-06,2.316,57.89,0.2943,2104.0,0.015189,2.2050692741
eyes-0-pyramid-20-selectivity-2,11100.0,0.7589,0.8247,0.6558,13980.0,1.65,41.21,1.258,0.052,120.1,0.008601,0.9996,0.0754,5.478e-06,2.519,62.94,0.3244,2118.0,0.025951,2.1209029415
eyes-0-pyramid-20-selectivity-2,9211.0,0.7488,0.5878,0.5436,9953.0,1.1759,29.38,1.0831,0.7571,39.87,0.003978,0.9987,0.03997,4.152e-06,2.166,54.18,0.3016,2117.0,0.02102,2.33833983392
eyes-0-pyramid-20-selectivity-2,7560.0,0.7484,0.5619,0.4495,9451.0,1.1233,28.1,1.268,0.7339,32.05,0.003383,0.9953,0.13678,1.486e-05,2.535,63.41,0.3372,2101.0,0.03226,3.30366088283
eyes-0-pyramid-20-selectivity-2,7216.63636364,0.735545454545,0.674363636364,0.427372727273,11373.1818182,1.3491,33.7090909091,1.56272727273,0.731818181818,11.797,0.001107,0.989,0.0314163636364,1.62922727273e-05,3.12727272727,78.1454545455,0.299,2109.09090909,0.0184218181818,1.98962224575
eyes-0-pyramid-20-selectivity-2,7819.99230769,0.721,0.71204,0.462670769231,12036.9153846,1.42515769231,35.5866076923,1.3256,0.735538461538,7.43123076923,0.00111753846154,0.946923076923,0.0624492307692,0.000127709461538,2.65273846154,66.3223076923,0.325384615385,2108.46153846,0.0237476923077,2.99350432363
eyes-2-pyramid-7-selectivity-2,9396.05454545,0.720272727273,0.793965545455,0.557416363636,13364.5909091,1.58829454545,39.7028272727,1.33490909091,0.646818181818,18.1617909091,0.00192636363636,0.925909090909,0.360618181818,0.000414318181818,2.67063636364,66.7545454545,0.673727272727,2104.54545455,0.0980863636364,1.54537954091
eyes-2-pyramid-7-selectivity-2,9279.61818182,0.726272727273,0.721496363636,0.544190909091,12297.7272727,1.44353818182,36.0748181818,1.28845454545,0.749,23.9973636364,0.00207,0.972090909091,0.160836363636,8.86881818182e-05,2.57909090909,64.4818181818,0.368818181818,2127.27272727,0.0358363636364,1.36181365306
eyes-2-pyramid-7-selectivity-2,11035.0,0.7523,0.7012,0.6557,11810.0,1.402,35.06,1.0706,0.161,173.6,0.01477,1.0,0.023866,2.0138e-06,2.139,53.51,0.2895,2103.0,0.0079162,1.2657283968
eyes-2-pyramid-7-selectivity-2,6273.0,0.7495,0.7139,0.3725,12030.0,1.43,35.71,1.918,0.08754,66.11,0.005505,0.999,0.05175,4.3e-06,3.839,95.95,0.3082,2105.0,0.019802,1.26040527893
eyes-2-pyramid-7-selectivity-2,12350.0,0.76,0.8729,0.7322,14710.0,1.746,43.66,1.193,0.6672,38.67,0.00262,0.9994,0.031262,2.1146e-06,2.39,59.7,0.296,2106.0,0.012285,1.66161296174
eyes-2-pyramid-7-selectivity-0,7674.21538462,0.681538461538,0.610398230769,0.455657692308,10272.3461538,1.22109615385,30.5233692308,1.18638461538,0.647,27.4451538462,0.00337,0.903,0.219223076923,0.000615103076923,2.37269230769,59.3230769231,0.470923076923,2103.84615385,0.0575923076923,1.71596311791
eyes-2-pyramid-7-selectivity-0,6572.69285714,0.662285714286,0.626724785714,0.389809285714,10575.5928571,1.25330714286,31.3330357143,1.34364285714,0.180842857143,50.5418071429,0.00491642857143,0.871571428571,0.0421485714286,0.000729923214286,2.68507142857,67.1357142857,0.306571428571,2105.71428571,0.0153289285714,1.72537388656
eyes-2-pyramid-7-selectivity-0,7880.0,0.758888888889,0.804444444444,0.464111111111,13655.5555556,1.60888888889,40.2,1.74111111111,0.251,47.3111111111,0.00347555555556,0.999666666667,0.0228877777778,1.67188888889e-06,3.47777777778,86.9666666667,0.293555555556,2120.0,0.00941977777778,0.768378881332
eyes-2-pyramid-7-selectivity-0,10334.0,0.7512,0.667,0.6143,11207.0,1.335,33.35,1.0892,0.6807,44.51,0.003955,0.9904,0.4022,3.623e-05,2.175,54.39,0.7117,2100.0,0.11189,0.910300420513
eyes-2-pyramid-7-selectivity-0,12340.0,0.7588,0.923,0.7321,15560.0,1.845,46.14,1.262,0.1601,91.62,0.005891,0.9997,0.032378,2.1196e-06,2.522,63.07,0.2977,2107.0,0.0177307,1.00549186148
eyes-2-pyramid-7-selectivity-1,12550.0,0.7546,0.8866,0.743,14990.0,1.773,44.31,1.193,0.1441,120.9,0.008073,0.9997,0.03188,2.1722e-06,2.388,59.67,0.2955,2113.0,0.0121319,2.13004602497
eyes-2-pyramid-7-selectivity-1,12500.0,0.7572,0.9471,0.7442,15920.0,1.895,47.36,1.274,0.6971,40.86,0.002564,0.9995,0.023436,1.4737e-06,2.547,63.64,0.2913,2100.0,0.0091559,2.08705929485
eyes-2-pyramid-7-selectivity-1,8967.0,0.7524,0.9959,0.5332,16740.0,1.99,49.78,1.868,0.02634,68.54,0.004091,0.9997,0.026199,1.5684e-06,3.739,93.47,0.294,2102.0,0.0156858,2.32329805106
eyes-2-pyramid-7-selectivity-1,12410.0,0.76,0.9072,0.7374,15260.0,1.813,45.34,1.232,0.19,59.72,0.003918,0.9995,0.031,2.0642e-06,2.463,61.58,0.2963,2103.0,0.016706,2.10869447774
eyes-2-pyramid-7-selectivity-1,9538.0,0.76,0.6665,0.5616,11320.0,1.332,33.33,1.186,0.06539,111.07,0.009832,0.9976,0.2483,2.195e-05,2.375,59.37,0.3553,2122.0,0.05142,2.45308631907
